cookie_id,score
ck_99a4e5ef02d89493,0.03135385756925389
ck_54d463f7fd89ec3d,0.03047083638729545
ck_0fbbc7a6af300368,0.024229918689774647
ck_8fd4937eadd64fb6,0.06944953561360354
ck_dbb4bd4eda97255d,0.030176973325810916
ck_6e67225ba59fa5ae,0.059707223762295286
ck_94b59bbc824b307a,0.03097630305338599
ck_b87e88ee5512ea17,0.03172407087288245
ck_36789ca11459131e,0.03354201297358382
ck_4364a83a11743888,0.005680630448575473
ck_cf59f4fc0ea690b2,0.011825880425055477
ck_bfdd232a7c5f2660,0.04625158837343904
ck_84092e23d5ef4d51,0.04654385951974015
ck_c2925c50ebacbdba,0.007235387196342482
ck_66c9a19963957531,0.02736570385656106
ck_d637a011332ba67a,0.014383746720215926
ck_1bd753a4681946c8,0.9423810225256377
ck_c30c5844512e429f,0.032571617940103395
ck_396cea6f95186ad2,0.03236191421595915
ck_64a02b7b96149810,0.00998076262513118
ck_b1ed2278f5f14d82,0.053379248366933384
ck_b153386f1729de81,0.09154202704733864
ck_601edf9105b3c321,0.9795624060064017
ck_d3a8333cb389f4c6,0.021621617136488556
ck_3c17841636f6f7dc,0.014117018619767014
ck_333544d173524f70,0.11959040498958057
ck_87c1d0a79e79c84b,0.009055078438348452
ck_585ababa02383b50,0.009306309203320156
ck_3e0149cdee4cb294,0.039023938041999086
ck_b864f64101149c35,0.13492518457693767
ck_5b2728f7cca414ae,0.008153353185355669
ck_cd7d24e3b095e96e,0.09573447330204815
ck_f3dc0725621b3a35,0.0206401674494723
ck_9eb08369e983abfa,0.00789626421500697
ck_7836bf6def26aa87,0.0959960937083128
ck_fd4582e3853ef23f,0.02575753137652393
ck_2cdad03ed069438c,0.029252753542029268
ck_614d936cef98db04,0.035832933536463614
ck_ecc18f40b33be769,0.10035856059739089
ck_a93560aa348d6225,0.028080454974763316
ck_90f3655f0c8a0074,0.021738235487310343
ck_a045a19369016818,0.9914354607006963
ck_69ab9d4784eb77bd,0.04853026293052526
ck_61129937ee466b49,0.024640621495015502
ck_74112e47b8629c2a,0.04412719238696615
ck_d841eba8906e9a15,0.006499015336986286
ck_78aa4b731cbfe251,0.011722522400565222
ck_25394c1b83e0b803,0.12296007252145932
ck_16c501470d9bb006,0.016407454469050387
ck_69ff1b0aa143a168,0.01791556542986501
ck_6d64190623dea714,0.005119160392606725
ck_5d7721930106dce8,0.020627694297418477
ck_466d4b5366c50b98,0.034292578108900074
ck_641c8e7694b21f3b,0.09827706879772902
ck_66779098e78c1760,0.022504732975733948
ck_ed8f1200fc049c40,0.9480725892258589
ck_55f2ef0de3420e3e,0.0331243964686864
ck_968a99e097ee78c9,0.05277729993355808
ck_a98848eec6c9581e,0.08569907460690374
ck_7eaad325abe3b50c,0.027236144595635205
ck_834ca727df855f07,0.07220731747178116
ck_6b1ab0742ff04c3e,0.01608844959128559
ck_fcc2059a8d5c41fa,0.14906723783958017
ck_a96887f841e80fc1,0.04507789156709701
ck_718865237134ebe8,0.05878033819793388
ck_5df85a8924e11f27,0.04392745716045045
ck_958c0bd61820147f,0.027776332824086997
ck_b4331140b2e0d4aa,0.042439228137930725
ck_8153cdadd300d234,0.005870713081916471
ck_d4c1da5a1427fd6a,0.036438356699589836
ck_ac32c6e374782b27,0.036120559666155655
ck_465cb8ce232c7670,0.10666795814669865
ck_022a8ae79eb28cf6,0.9667803406192983
ck_7a7f3c4fe0c9d2ca,0.03449420756380027
ck_4802a0a7a1882c88,0.05007468261735004
ck_8b5b5a6b5539e39b,0.8352531820046388
ck_9693b1eb70880205,0.011129324865356135
ck_59a164c40c03a45f,0.021044766813838406
ck_154c8efb19dee665,0.006810609591422461
ck_149662b09d632e41,0.015229617178790835
ck_ddaf228487858bb8,0.05430381555934992
ck_76c23726cd7ca947,0.009181667182987768
ck_32eba3510c8eac5e,0.03699556882402478
ck_41dd44308e6a665a,0.14596984643955815
ck_efbdcd9c181e72ca,0.01958295002964251
ck_771247b5bc16c12a,0.0031952967947316575
ck_692a9e8f504b9762,0.005583379699992972
ck_ceb017baa26e98c8,0.10377246914033317
ck_908b663b2dda94ad,0.20297650794056532
ck_29da59ea3bffb9d8,0.09506670551798033
ck_2795921a055643f6,0.013824589196481106
ck_fec888a7108ca52d,0.9639435825191287
ck_37dab6a0a536ed49,0.06974558236632597
ck_2c1def5c91c52a5b,0.14773801059342406
ck_0cb9f54928f4feee,0.025067831513416187
ck_677e1d0c14cbf569,0.02896960890932203
ck_192fdad892782daf,0.12286208952269788
ck_e5e2624b7fc89774,0.04816737404067177
ck_5138f6c575dec64c,0.01583001809280864
ck_5f4a25ffd0b85a47,0.020859173171169997
ck_aebb42afe430e2e9,0.006123547898353351
ck_44e9a18a8645c9d3,0.0614566266563205
ck_79ba8e85678d0224,0.02040813637005118
ck_ef1a1de20d2124cb,0.029687663992676416
ck_e7d903c50d353361,0.005662838657414834
ck_bcbd8588a13f5eef,0.022267735895989904
ck_80e3041811033443,0.030171988106808812
ck_bdee1221b9addff8,0.00431886667693056
ck_dfc933493561d84f,0.026907983732928523
ck_e0f9506a6d5f4a1a,0.1017136106913669
ck_a911a066ff0f7b56,0.041718851822152694
ck_5c45968a805132e0,0.024280216104325347
ck_152820d8817f478c,0.009810549079292609
ck_13f03ec785cbdae1,0.008013997329560507
ck_a662b4bf900781e4,0.02064503710703157
ck_0c0dde42ab64ef87,0.015858442049659128
ck_cb3a40594da6a2ee,0.032788775725931606
ck_a69084a068bcc8aa,0.06134573455314753
ck_f3bce4eccfa6d6bb,0.009129532451943145
ck_794d8935a895e33f,0.02992057587909935
ck_5f217bfe28954e75,0.9157157938175604
ck_9700a00ff9e66216,0.028826191472675268
ck_9a66cb13a9884cc2,0.013267128148177945
ck_522477be6376b450,0.06776571451882601
ck_4f6ed5ea5ab7c429,0.02111648850096407
ck_f5882e6f98b8b4cd,0.007594328039802233
ck_ec01ae5351500355,0.026842742772873893
ck_cc276f71ab6c08fd,0.033690403770860154
ck_b06ce826e593b210,0.09545499433907784
ck_1833c81d693c1e07,0.7939018379429916
ck_b4ad165ace910222,0.009532530629762918
ck_7ce44f4e06d58111,0.07686550609182784
ck_804c5a1fa5753617,0.24421261387383433
ck_db2c0908150cb2cc,0.03261969645226127
ck_8530158e3d7f59e7,0.014778548393108416
ck_efbc79246e32c66a,0.026857182979729905
ck_dfaafdaefa5716b6,0.0271531216139731
ck_75f968be67f46d24,0.04167353570293293
ck_3715bfa7fed2c675,0.019615914884043645
ck_b5935e9722a39819,0.03951923180059585
ck_e83409471d2b0b44,0.02671206726167535
ck_c729d19053387be9,0.05583125690623273
ck_38d4ed52cbe6d123,0.023780498365748463
ck_ea835557d7043667,0.024936861648738647
ck_95b48972061abe82,0.0037877722908880238
ck_2981d16f8a51a8ed,0.03825321355965519
ck_30bf5b0056eea9e9,0.3366046146651802
ck_a1c7adfe26e09a8c,0.02275797580611067
ck_1eeacc26f02fbba4,0.02735013897974438
ck_044fa3b3a003f0b5,0.05512878158765373
ck_6cabb1a133f0b151,0.03218625818527188
ck_b71279e807d0b3a7,0.021262183590762988
ck_ba68841ca2ba073d,0.025244022475187696
ck_e1790b3aa2241b10,0.8384195917590793
ck_0bf48607a874b4d1,0.012714179348680615
ck_fa8a4a9e77799fcc,0.017871692619052037
ck_52c311f29ca3aca9,0.012975645843873769
ck_42c6973d3a6fe983,0.024137952296220146
ck_b524f7a2e752b9d0,0.007651547039683075
ck_14e58c3fb26a2b4d,0.014803653875392456
ck_ec9976cabc63ff92,0.020847577005274946
ck_9f50920c894f64e1,0.005252345164222549
ck_0259da8f109017e9,0.019050251015270768
ck_9d8e9ef37797d3af,0.41490169821406964
ck_2d28f14d3973d8fb,0.017782352027918374
ck_f5b1200dc6f95760,0.052216232981508216
ck_20d7571ba830009d,0.06039381832493002
ck_54978a073e7a0b1a,0.023993197259619726
ck_6236a461dc0d11a3,0.0367855231970815
ck_7d3a88d1aa649708,0.9463683483073388
ck_742f7c28ddd019e8,0.15398662587398645
ck_d979ef95ee44023d,0.016764356890695265
ck_c01c85bd631d4054,0.010117298950117768
ck_1e832a5b2342554f,0.023012283183890477
ck_9bf95f8c47e7c7b4,0.0185614820507126
ck_6b38763bf5ddbcef,0.02260086487248221
ck_bda4041a3e90d860,0.02811722350944763
ck_703499f5410280f7,0.05717287919437201
ck_1eabc15a94bd9009,0.01892496734198904
ck_d5bd8f68da073cd8,0.04324192969051417
ck_6e6258227fc8db7f,0.013556397616128093
ck_be9c46acd216b45d,0.024538792127631045
ck_e2f88e202b6f700a,0.03208034448915216
ck_353a272478f7e903,0.045276173031218725
ck_a2c9796ea229a4e2,0.014163999518818133
ck_acee218cbe61df69,0.02267761425515008
ck_9704c5cf8659cedc,0.014640884272247844
ck_4b0947bf94e9d847,0.020247044058320524
ck_bb113e3e6716ed65,0.02273406388680864
ck_60b4d59953505682,0.5029604641120661
ck_7dca4d7ee10b4eeb,0.007380384382595869
ck_4863077723cd6ce1,0.05506758031402664
ck_469a0578d05990c2,0.007844611044416474
ck_5db1cb368bc41ac3,0.013450560561636076
ck_b72c7ac4208052ab,0.02731971885481817
ck_abac514d8167ea58,0.19551436286007998
ck_6de2aa2bb60978d3,0.019803983396597856
ck_186dbff4b24a3bbf,0.04633269059515486
ck_7f15503048915d6f,0.011175587252013638
ck_c35e03b0dd0c3454,0.027786441007939203
ck_2cf8a44e041217de,0.17348392172478466
ck_91955aab3424ad16,0.035386491126631024
ck_a032e8ac1507c6df,0.5895904705756502
ck_342a79f91de5d1fa,0.039328999794000154
ck_3ecd8a5ce65e21ca,0.004245152334219078
ck_45424ea6f0bc4650,0.08647381423295955
ck_41346ccd9242cc8f,0.014311963773644604
ck_35d6c510ad29362e,0.16837555871228801
ck_9de191bf79afd676,0.01630962268780125
ck_6de6b1663f9457f4,0.011752238912429594
ck_61814ae9b6d8eab1,0.012552081185401534
ck_60187ac2c473a662,0.9469290128068879
ck_c0b50c11e4f5adf7,0.025066073406309015
ck_062754f8b79b86e5,0.012070888261915476
ck_0027b5d4107d65d8,0.05483914379693503
ck_d61c837b0106085a,0.04472271552907066
ck_a99e0c258ad7576b,0.01514128002669902
ck_e76257caa98dc25d,0.9902367999462874
ck_9a65fcfc7916f93f,0.011935038337553957
ck_c972b0e781efed3b,0.054191024936767786
ck_3a632cdf2c19051b,0.14358899286759394
ck_9724718fe64c6557,0.8904529143372125
ck_d44dc3839a195c8a,0.08936091108587679
ck_2fc70b6baf6a0e26,0.040510185248638114
ck_b4911c42f3bff740,0.02360859076029649
ck_53428573abcd606f,0.018458819208159366
ck_c8198cb4c461304f,0.02595591343520881
ck_852c50bbba1ead13,0.280301751954326
ck_d5ef6dc116dee408,0.01377655088598166
ck_3ac528caac74f563,0.02055097474706922
ck_1b0b7c3d35ab1259,0.02495750298225308
ck_f1a9d832b700bda1,0.9009567437700957
ck_343e6ed2b9d35c01,0.010692384215593626
ck_803c0b4cf9d4bc1d,0.03234702423976901
ck_c457e9c9224b773d,0.011499933744039898
ck_d305b4d82f63f647,0.03769977197453677
ck_22bd0fc71f95e048,0.024345060753574933
ck_aab23b5470469649,0.025747141253955615
ck_fe0a9372c9372de9,0.11136063714152832
ck_f6c909c205767956,0.018773445375264174
ck_295bca29c34cfe2e,0.023875428429947828
ck_74e60495f8861156,0.025262695539366463
ck_bd20be9a3392d79b,0.007847918260483512
ck_952da7ca9f33decb,0.21773358340250157
ck_900d62b3184378c7,0.013735872375730743
ck_eafe9b89857149b5,0.014186393494282343
ck_509cece86a558de4,0.05006729303536042
ck_c423aa6de3ed1e01,0.00878870346487352
ck_b5a84c5547378c10,0.021342432771067454
ck_9528e1d6b1707870,0.016940482794811425
ck_668c7fc7d7e47c0e,0.06995667277812852
ck_5d72ff6cc2963d1a,0.0249520899211714
ck_6c084bfcb38e96c3,0.033499474036633156
ck_66439e697695224c,0.015926599285983396
ck_e975002c979e12c7,0.08125392800761315
ck_8e039b23acaaac00,0.07852082526273985
ck_9ccb17c35e636c5e,0.029692979896684162
ck_abd3aa292f8edb4d,0.09767080562009747
ck_3ec9b9d8dd7be11c,0.015067161838729397
ck_d6f5c8741697abb3,0.04069410328280639
ck_5d75ea4f5c9080bc,0.06551782032145789
ck_a4db6e94a8f77f9d,0.03900634654451464
ck_01c1f06692566ca1,0.025245647273392364
ck_dac7c50bd6d0148f,0.02052308643486529
ck_857a1f5547b9ad68,0.02790673000237805
ck_aefd1ce3ce093cbd,0.004946114610071458
ck_7b59d22cadef3b05,0.16742297389267216
ck_6bc0e5b8c0b7d2bd,0.07672716677578484
ck_2c44ca550e5cfa82,0.04664385175712705
ck_e4ac22046699b99f,0.011388688472732007
ck_ee7a515e87d17d4e,0.01187685143156307
ck_5e512ef5362a3dd6,0.024431725567693727
ck_df1f2dba802296be,0.860308616502149
ck_49bdba9ee1899dfe,0.02131188690205469
ck_52730906e5b461eb,0.8122576692146743
ck_dab34cf6f0626c9b,0.021547107927005368
ck_f9d8b4813a88c1e6,0.01237337042071651
ck_c0c4be3f44311b04,0.006576983174457826
ck_ae3b47d6e1063704,0.007204407437108306
ck_533672fb40531607,0.06240654827545174
ck_2a244f1ae08ef83c,0.11614305877455405
ck_fe429ba3e1aa0e4f,0.010894721487529015
ck_18444be153bac1ca,0.32671478919783176
ck_2ef76f1f36e8b869,0.10575835386173557
ck_99ee90946395d74d,0.38315479137871
ck_bf2228a052815840,0.014952447511418105
ck_1bb212d1288b9689,0.046251503725624234
ck_9949f53c155b8dde,0.0035603339771262343
ck_04a1a46f07885296,0.08551745209575955
ck_70c7679199776a90,0.03077235009057363
ck_231e6dd1fe708000,0.04512089257997043
ck_e013d88ea7939616,0.011818830577401794
ck_d229cf7f5a3f38ca,0.01806617525996218
ck_0ad6fa0e23c3bd0a,0.08385305312467012
ck_3a3daa8b376f2a18,0.011143371974352063
ck_f0d6633d0834fff5,0.02432047951287682
ck_5472214011fbc2a7,0.009248365162048803
ck_e0239e6ae30795a7,0.025758530284792924
ck_646bb3c7be5f0817,0.035429062632732135
ck_a9e7f3b2d5dfd97b,0.009512265573756026
ck_d5ef1f6e34bb35b8,0.049449517197431396
ck_615277c8a4e2b18b,0.009981865968339672
ck_11318f7c041a5ba9,0.008957934823290777
ck_6d69e092f9b0848b,0.023683414661920945
ck_fbdac0221bc03f66,0.005159502386145267
ck_3854c08d17704347,0.02108421009071985
ck_a9989a3a94c26634,0.018484953487216127
ck_d3cfb3603f2c6ca3,0.031913974026621536
ck_ba54e0a1c328119b,0.20255753692313558
ck_ecfb771ed2352085,0.012268429230337654
ck_2401e8ff89e574fd,0.45322395046847486
ck_54e2eb018d947790,0.01162151919537406
ck_ad7269eaa65c67f9,0.029325835064863477
ck_cf2ca4f286e289ba,0.037052432814307104
ck_ccfc9ab888ba933d,0.18055532954490855
ck_c881f26c9bf9ae42,0.33071744252785
ck_a7afdac4ecbf2de4,0.18260790404729155
ck_57d0a7eb7eae2eaf,0.0338241913368196
ck_3fb95862b70f505c,0.0364903453599328
ck_5478eb69ef912785,0.1105157439133479
ck_bf4e7d48770a4a8b,0.05760714206534065
ck_5875828b11406398,0.017163874306228004
ck_3019afee83342701,0.016782418545698872
ck_dfa0ac11fcb1dabd,0.0386752978294158
ck_2d695f8358383092,0.04284463116443555
ck_7717fcb100dc4b5f,0.03239901365593466
ck_682262b455a9edd4,0.03088401193556583
ck_18270fee7c8fcee8,0.0059618841625425885
ck_e6d3ce445b86003f,0.04223218835786459
ck_61d7b0568ec5d6cf,0.050669032547783356
ck_bd1bf9e3e29de281,0.033915354182789494
ck_7ea0bf310fc20c7b,0.10193188742230781
ck_328696b8f5e54ec6,0.03476238413328512
ck_1507f5aa50cdf3a0,0.019943069013673074
ck_ca10102961f99eb4,0.0058287875966156096
ck_61b79dec96d15713,0.040763201284630304
ck_ca7b993e8286af7f,0.0391514973616589
ck_c9dcd92b2f836b61,0.05523819003767031
ck_fe2fc7d6e5d83f09,0.008239140196485691
ck_b6e3af0a5119d9a0,0.08861352963839701
ck_e535fb0f0c00418d,0.059202884431339815
ck_31109c899336348d,0.03436953346282868
ck_d4e024fcda401a31,0.026241832243853156
ck_9cbef9bc95449dca,0.1202880094337504
ck_a397cd64ec5d644b,0.06558812096196569
ck_b0f191e44f9b6f35,0.09818423234063847
ck_3049d744b527f4d0,0.021074660043508893
ck_6f661b428d6fb8e4,0.026114265648779902
ck_da59ab47cb6284ad,0.02410163090850398
ck_5576ffc6aaf6f22c,0.011751663095124206
ck_8955d7b9030d5eb5,0.01588256338169557
ck_78a61215675b38f0,0.03212321060200935
ck_001e42551cd06e40,0.02216706651581947
ck_3b6057d51fd4c7d6,0.02122527387932552
ck_87110d84872c0fed,0.021330101994634053
ck_f034adb57391f3d7,0.042403495182040736
ck_d84b5403da4cea7b,0.03239533261896327
ck_f04062216f95fa00,0.03408800994600152
ck_d9573100bbff4014,0.27387473093732423
ck_b5d0d223ef56473f,0.021402598532997114
ck_3aabf5e0f4defb41,0.01504480283019159
ck_ac449ee0c315edde,0.01988241335872773
ck_085d8c42739e2b10,0.9899263866665343
ck_937402a60df0821c,0.0084446000050238
ck_cd1dc68e441222b1,0.7568338393695945
ck_714c5d7cb17bc9f2,0.01778429662379544
ck_1d01b4a609918c4e,0.5279540056822862
ck_cc1c0b93d05b7d20,0.04461732721811583
ck_46f4e1f5026f4d1b,0.004694774840166329
ck_779491819995625d,0.04709863341702522
ck_46bec0bff167ed3f,0.029631179370964718
ck_92d679d6ac7dcdcb,0.13703507389892397
ck_22a7cf3b99c5e5fd,0.02394374088850488
ck_09faa4e771cf876b,0.06170425776871985
ck_0b2eeb4e00ff7955,0.01723420323416572
ck_9843d0e61c37ebe8,0.9949890249469006
ck_e2f792fae128b18e,0.18946432512030179
ck_00aa5fc3b3bc66aa,0.04206859438225695
ck_3dc378f37d0b74b8,0.01597358639170873
ck_5e98ed6391d9f429,0.02714208163850366
ck_9036b2e5e9298a34,0.09481748438175251
ck_a1cdebfc42a52448,0.015704552262877376
ck_5f48762a14a0326f,0.038004972835051734
ck_8adb40b168b59d7c,0.025249629487371097
ck_c08e64d424e56c05,0.02365928657152565
ck_68914e67343a7d32,0.01197016932486819
ck_09e9c51eb538b255,0.05425831398653082
ck_f9a68da9e0f0bc85,0.02108846510876397
ck_498a0acd450944d8,0.013040244193529319
ck_67ab6f9e05c85085,0.017208387870896843
ck_aac70764dde15168,0.009333607473483541
ck_e5ece47d0dd10526,0.01882022548485968
ck_aa8b9b36a099e4c8,0.08432256899946601
ck_8d2f62930777416b,0.05593318133020394
ck_8312c49b1431a406,0.014089931645848375
ck_6438ae81d43cb196,0.008151157427528158
ck_949f08f8e80e93ea,0.009775773801378694
ck_f9b439c9161c3e52,0.04789709483180862
ck_4dd4ed23e0b927b7,0.19040369932592027
ck_18b36d342b530af4,0.011221732007365412
ck_8c8c98cc694ac900,0.0755964031496313
ck_74b502b20690ccfe,0.008648149467200293
ck_7f0c4f609673ef62,0.010894721487529015
ck_02241f3dc301bebf,0.02224599425748335
ck_6e5752b87324b58c,0.04053938395343242
ck_b4068439c413b150,0.08320741292113798
ck_bc82fb1895fddde5,0.01681725053116326
ck_0a45d033d4e280ea,0.049417367700558344
ck_39a3f1da060e88bf,0.012554893145739678
ck_8f1cbc432e2774f8,0.053943014737100295
ck_8ef97b55a5fd6ec9,0.019277352352879657
ck_aded05ada490da20,0.020599417871347284
ck_335e63101b1e6c4c,0.08685246501592832
ck_e5c30947b732f661,0.02261116520509421
ck_f824b326d5089885,0.25820794754902104
ck_a4d7f6a5869d440a,0.589659181637682
ck_58e20f5a3e7f11b8,0.9048239398642538
ck_a04403073c90ce38,0.008620085612202144
ck_9eea37d2de633b27,0.022797372513525996
ck_fecb39c82c43e76d,0.042608649142005496
ck_f5adad75e1c06731,0.04886913310351646
ck_43dc13b6b6d31297,0.025047325119273343
ck_3acdb083e0d8ad61,0.04213064231400196
ck_54bfd70022c66983,0.010623949358484671
ck_c422ba389ff00781,0.01774892096984875
ck_b26cdb2b7b165d2e,0.09239508399576768
ck_4563227b2038ae07,0.11606122149581864
ck_355c4f29089731e8,0.30092917594333896
ck_fa4211c4d826d830,0.013311999672560781
ck_e886ba71d4a6fd73,0.021977386423431312
ck_f76d929541ed41dd,0.051949499784198654
ck_0f37c554a5057801,0.04811612777211144
ck_0a7ba51d626e932a,0.03393638918406379
ck_55efc92394fee232,0.01729444014331246
ck_1df4b46c0a4c317d,0.02668172782474354
ck_ee52c7bf88f952ab,0.018670686557881126
ck_bc273f3ce79f7e1a,0.015148317591183258
ck_9371c700d9830326,0.07033366787322538
ck_65acc43a6dc3e65d,0.13645769073245206
ck_b0ee3a98175b462d,0.010440445042528142
ck_dfbb2056f1ef7d3b,0.05972611731941241
ck_5043e474f848346d,0.031028749837281454
ck_6be8ae9d78148882,0.00640242689495372
ck_fd4cf578e87703ff,0.040193314274376085
ck_8b24eadf6c72b30c,0.2170292580591773
ck_38c1c75cf055031b,0.01871177143206239
ck_c8001bdb9aafc8a6,0.01571402633557966
ck_d598fe8d2c779ab9,0.012335456319018676
ck_af25c72d16299258,0.0074151212921062274
ck_0c1f088e17e46daf,0.033702006270681886
ck_6c7b41374f9b2e55,0.03743913360197608
ck_e4fd8cbd842b6993,0.012960457885727071
ck_220fda3c11c59b6c,0.08410909758853743
ck_e3e95546a84d0ed8,0.02581825194954315
ck_53c8315b5c30acb4,0.016368739873342846
ck_fdcb1d9265d8fec1,0.027884555344972792
ck_94f4266ee7871345,0.004054241263106833
ck_7a7e40ee3f97c035,0.13457028820303615
ck_6a519bdac0d94527,0.010882947412952933
ck_ff30dda2c881a4bd,0.031574646204247075
ck_e7b4016909405981,0.006222478306088465
ck_1abb93f6924645e1,0.02954447002393526
ck_5e74fdadb93ff293,0.02858589634714855
ck_fc2a6e27b10b10e9,0.02158718719481239
ck_47ab8e51e5b3a2d8,0.008463963723541178
ck_246989b0c288664f,0.023839179739395297
ck_ddc7c1f3d45fe6e6,0.02524684176561842
ck_0acc3d8c67218b9d,0.04034961887650261
ck_4c840e5585a7b167,0.35437945799021553
ck_1d30eef7110809e5,0.3631745853064911
ck_ebbc9418cd41f692,0.03453212797086926
ck_93cc12703b500613,0.06456519668921833
ck_5060aefcc8b6f958,0.03420068051019252
ck_0595c2a0c7881e05,0.04114278019274179
ck_d9735647a6b0b0a7,0.26016421476202706
ck_f89719a854fe11d7,0.023848229216301836
ck_d813e15ac91f487c,0.04584991991244222
ck_cb8551453a7bb929,0.034039506891726495
ck_8642e3b6d84f49d3,0.03040483516632605
ck_9ec7f334604a228f,0.0350844448031941
ck_e0b7e2c0bbe228d9,0.015496718355637635
ck_e7b40b60786c1530,0.022818325593381726
ck_edf229c17d25dac1,0.05079433441976159
ck_4424a5223ba2fe00,0.017807406422001112
ck_c96ae2c28086a059,0.028095088310576766
ck_ee40498cd97183d3,0.011590646728926854
ck_13d1b192bbff8f32,0.023442922678774635
ck_079bd18dacb704a8,0.17457053898852526
ck_884168153c9c0c81,0.01210949356736835
ck_dbe58392635133ca,0.023181723947201735
ck_9440335375701f44,0.021193162541891603
ck_9083ca9fec2a7f4c,0.018338729617944558
ck_2f9fd36a4a40a6a8,0.007623737676257303
ck_8bf46e472f3e20de,0.20411992418922356
ck_a76ee3b3e3e522fd,0.16281440793793517
ck_9dd7daacb7833233,0.008788618515743592
ck_8eaf9509ad9462a0,0.007496999931617524
ck_c5517923458106ae,0.007719603975909548
ck_74a4244eb1f162e4,0.004841010846295169
ck_fe1b1adae3be70a6,0.06136718869744222
ck_571133b2aa8ead51,0.08898915426018175
ck_2b87683c90acb852,0.02324297646570205
ck_3f730318a9792292,0.033165541600651605
ck_70804f60d9704128,0.04176795689039567
ck_7356f47dbbbe7904,0.03823342424210903
ck_e7651fb87bb24132,0.04969097634154464
ck_4a59f4e10bf45d7f,0.009578229276781043
ck_98e337806104dd88,0.014439886179440708
ck_c39a9e75760e3201,0.05549286032866291
ck_39d5f6c17c745ab1,0.030282624846790226
ck_ccbdfe744acff8bb,0.013212542796266354
ck_d6ba7ffd2ae08863,0.019643159985016347
ck_0eeb3d9b3e697edb,0.04487402526468804
ck_2a65f1cc23f1180e,0.007592248555046935
ck_c91b7fccf6aeb4a5,0.03706510021588358
ck_e55b7fa67db1ec27,0.034128726797308724
ck_214af0806470ef48,0.015710372166731053
ck_7fbb709a0fe95759,0.013311560031882821
ck_4a9a791a1d409a3d,0.020334897623841466
ck_99e52c3c2530b69e,0.9649767876394684
ck_eb3fb1106f2f1b21,0.06779891895584055
ck_08b77ad5f8f73007,0.01631312399773069
ck_934fb5064b6eefe2,0.01040974545024935
ck_6a92cf5f4cf5de38,0.025771306558303807
ck_9ea5872f14cce338,0.020518635173475273
ck_6ff6883633b8c7ba,0.004691390943643523
ck_f19030e6e85a6776,0.03925903629995208
ck_cdabe60ab59f9d5a,0.11380562141398602
ck_75fb7e56432ee4b2,0.03691682060437349
ck_bb84b2b30293f566,0.4643046436126901
ck_b898d912d1181ef9,0.010006431406652484
ck_348a525791ae6475,0.03387187893684445
ck_18ddf7e836256e3b,0.028291382535887054
ck_5b73d7c5255e58a3,0.14275985605925368
ck_48d4d63beb26b623,0.0661174988516076
ck_020eb0e454524ecd,0.008446067955606379
ck_961ddb8ff55d868e,0.02027105927800137
ck_109fc467ec0a4af5,0.02220964818398333
ck_a872df31b28a5f7f,0.051777796463243056
ck_f0093064aa28f4d0,0.023901482294913023
ck_2b699066665abe8a,0.014515383812713924
ck_a17128972d3e507d,0.01122340081080602
ck_8f35d229b62c8f23,0.046868106137995205
ck_ef8a6af43fedd464,0.04313395452517831
ck_1e6628879e9d653c,0.012613481959833774
ck_0aa9db36eb16422a,0.008075818510052589
ck_b53e88c0e927d896,0.010881957434166367
ck_a9cd84a6dddfe584,0.02071274382409122
ck_b498fa91a0776ff6,0.019950031287502543
ck_69eda24e931fb36a,0.010760011187304647
ck_1f0bafec397da8e4,0.12365634958676762
ck_523dce06515b072d,0.02442433544147216
ck_404e2217fd87fdd2,0.015313046635895862
ck_6b954c75aad8c012,0.04867844334537969
ck_614f777c2eb5d537,0.015238098347539721
ck_7f8f864fcc90ca82,0.02929069770315587
ck_58afa1550b3b5294,0.02072087635649635
ck_ca149244b54ef3ad,0.012138238812246224
ck_1573878386886290,0.018635158724073442
ck_7ecdee2d7127be8b,0.2621281694947336
ck_b667952253503174,0.06898499285826445
ck_c8307fecafa90140,0.024845436304634552
ck_99a92d710a29c1d0,0.03193713229797768
ck_bb6cf7e7b707731d,0.30361987600857304
ck_fe3c1d0ac090d960,0.18138843785579373
ck_fc60f42c68c7024f,0.02508219938199035
ck_f71a4094e889c3af,0.01864997117830188
ck_22311b037456a76e,0.010177509133901173
ck_fb90408f4892a21f,0.009176776005438004
ck_5866b413549765bf,0.024601787605661108
ck_2ac36e1dff211d38,0.029470682422908415
ck_ba8affe4b9505a95,0.4493026999955203
ck_1b2d9cae92a1aab1,0.030368171760038618
ck_58f4c3ac61fda129,0.1006297751174245
ck_a378c58294001a36,0.8258781317109706
ck_afc484d1b6907983,0.01053546639297677
ck_030cf09525dba4ba,0.04288231954016207
ck_babb95a76c69509d,0.025022706792875132
ck_5662492a54e6688b,0.25481402476313164
ck_db4083a0d043def8,0.4072793149226292
ck_c0032232c2868328,0.008882030763276268
ck_cc91bd7152d3e9ba,0.011345928721764587
ck_c484c5bda389bf20,0.00982125336654402
ck_a7ea00a1760ad561,0.9893394806038963
ck_cc90e219f1ebf390,0.003764283804783471
ck_ddd65711b5651f89,0.010794181316143322
ck_f589f1e29301b5fd,0.02372973338186765
ck_8c6f059c95872126,0.018979516775764003
ck_87f82b2b5fee757a,0.016028474292097136
ck_3abfc010091d679d,0.03643097078375249
ck_b8465b1a5666155b,0.051833139007259235
ck_f0bc3bdee6bfbb94,0.030729278531523758
ck_767e0be086b5f601,0.01554585028788369
ck_96810ad39d4cb7b0,0.05639043730341123
ck_9741a82faf5c7889,0.023357250962398473
ck_97ffae702f7c3d08,0.023629883209232948
ck_963762210edc5694,0.04376302832334423
ck_5ff6108056a3fef5,0.06439444990236862
ck_3168f4f2778d64e1,0.03422921537760029
ck_59d086fab5998646,0.007375797578529373
ck_43292f70a03ddf2b,0.02744332278251861
ck_0b259620eac51618,0.012390490181404775
ck_678e74532ac19700,0.018812035711818477
ck_52e1418cf1aa9871,0.012331106447488461
ck_4f875342394c110f,0.033854650195366064
ck_4f639f4ee6ce8d9e,0.09441624907935768
ck_36224a2d394ebfe4,0.058062591749970666
ck_fc4bfd6e739bddea,0.026595515186047847
ck_88ec57a11b11f702,0.5286529310717492
ck_896096cb167254ef,0.03920705281791437
ck_c920901b9a4ba993,0.46370570469965683
ck_2ff1860da2004c84,0.01315375936391504
ck_631ea1ae91ab333e,0.027313705688760768
ck_0b9fcff9667ec05a,0.011670790533212965
ck_d3eab7a06eb48348,0.05325516897639521
ck_4dec3df58077a257,0.07019632942420685
ck_73d3689728270a2b,0.012019780651115202
ck_961e7dbc217cfbbc,0.02036211636584151
ck_dd97429277a2fa00,0.061870210881116036
ck_5c37f7563fa7591d,0.02052816923790848
ck_f2ecab85d4693b4e,0.2662174132740804
ck_a0e3a2facd508e49,0.034348716913909505
ck_02e5f9cbbbf2f078,0.07071084001734897
ck_d064428b7e7dc409,0.03704582222555741
ck_4f463ef25325ddfa,0.2828222903570396
ck_a6fe344bbf67f14b,0.018093434181753278
ck_e03b7d0fa0b28f4b,0.020048436414109232
ck_2f6b33bf46976229,0.015458174795257188
ck_9c60ae6958d68dbd,0.20595862180135122
ck_d730ff21bfd7769d,0.017426023738121195
ck_7048bedd554c703b,0.04428049509927586
ck_9e0383e1fb6e214d,0.06315962001470354
ck_733aff0f56f5b3c9,0.056932864809203426
ck_11af112667c98394,0.010978131377456785
ck_004efa95555437e9,0.03925870179950477
ck_7de6997178207800,0.029164286292115406
ck_68dd79a51eabf5e6,0.05280044804373743
ck_0567302c57a2417e,0.04765701944909883
ck_59de511b20c842ba,0.028530895279235934
ck_f1ef5cf7f10b16c8,0.0355223369773145
ck_6a475fe324d7d790,0.027297848670886866
ck_31199510b40602a1,0.014570813486982442
ck_2a6d43b9f883b78e,0.5616143637217932
ck_788e78065526ee19,0.10983838336608101
ck_fdf89dc69f700f84,0.14968463426469839
ck_02a8582c2603e675,0.028887825638023303
ck_9c9e8a38bd5a6c88,0.026496737149897597
ck_1c2dcae19539e148,0.03255007451065535
ck_c7a9c7b2eef46a99,0.02768616316326575
ck_d9f8efa6a7800f76,0.11853024555550784
ck_03c4fa4f3ed3512e,0.010849542584312359
ck_c80a94d4660041fe,0.08083316252824704
ck_4819327a78615485,0.01610864716127032
ck_ab3de3d3e41c2082,0.06537208221531145
ck_e86ad2fe815b6ed9,0.01459549997718934
ck_c51131e53baa59c7,0.025028426515845203
ck_e963d8525018d072,0.016588597335362467
ck_a4a01fd45936b078,0.022428632962937074
ck_66aeb00e44486cda,0.019016802425078378
ck_838c52cc1d315ec3,0.02313614108036918
ck_d20d4ba60eec9945,0.006966063695863749
ck_1f1273a67cbad5e5,0.06207455889908327
ck_44e57a0bad5a0745,0.038702506070203584
ck_9df7e153868bca13,0.033604679643899675
ck_50d7c4dab837bf66,0.00966192072079916
ck_9cde4036d0914427,0.01444521210643101
ck_d557b9feb241b3ec,0.009117857769410277
ck_ba4a6b9aa63964ef,0.01524188782282313
ck_5ccc0c94e5e1f849,0.01452593382500938
ck_3cfeade2cf270fee,0.01050000848093463
ck_faeb0da678bb86c0,0.0063260089418086815
ck_0f35e930d0614613,0.9664583515138058
ck_0e962eacf98a813e,0.009740566429406579
ck_c8b2e2cb349dd0ff,0.0630733269135877
ck_45f57fb8194cefc8,0.04724229538913378
ck_cf6aa24b92c4d33c,0.2752525778270778
ck_f3bc10e3decefce4,0.036852582724906095
ck_c2466fc40fc9d5ed,0.9479691755223697
ck_5ef50fb07b6737d5,0.007348935592206298
ck_8d0cd981ed3a183a,0.019899184839698453
ck_aeed557007d52e9c,0.005110599787708992
ck_dcef7887a4f1e435,0.03616989558997519
ck_6d6ac1f5dd882aa5,0.007784472009874595
ck_9e3fbd04e3532f32,0.31821219437791115
ck_b8e5244e650aa81b,0.014941955226926554
ck_975c2aa3d4a8c51a,0.021524078157902377
ck_4f75144c6f3b13ad,0.011709232988706651
ck_0e7899a57cd617d6,0.017604227067226565
ck_df8ad2deb0a4ffed,0.01979421373649163
ck_cf7a022178165e56,0.015674247299378552
ck_5bc07deb82edbad7,0.013012424230809607
ck_f2aa1b677619ab19,0.012435428779127917
ck_cb42e3be6fe87f60,0.0820120097440625
ck_4dfa1c1e9b69fcc8,0.010737735069720845
ck_23756522b58df5d8,0.011964474253674948
ck_c76f1bf40f3b787b,0.007273629313718885
ck_dc569c1167ccec0d,0.3795028804327856
ck_1ce20e4223a936b1,0.008765471271990519
ck_6b97d1ab90f6bdeb,0.028213955950297832
ck_1e97899875bb427b,0.0056882674002222714
ck_4b00e75c2d2d0522,0.03011331631789249
ck_e80883208e8d0453,0.020963371897771994
ck_636111f7f030496c,0.052339938105294095
ck_a2d0417791d4132d,0.008350609272847
ck_7a7bb9be5a7e48ad,0.015312057025010465
ck_5d2b9e6e087b8dfc,0.9963811556489218
ck_6957905a65c47879,0.05218792035916895
ck_a33d2325f86ab12d,0.04056350601762011
ck_4df036e2aa7e1056,0.009281473214457452
ck_05ab5b03d0bf9ce4,0.3980274533745805
ck_bc04f51c23290bcc,0.013799085535500659
ck_2ce8931af02a2ce3,0.01214643322667787
ck_dfba788f35d4c372,0.014946959263038588
ck_90eeca1cda79fd41,0.009550934109047917
ck_f96db2a1f3448d1f,0.009718923693491713
ck_af5842fa7202ff25,0.00686670539654545
ck_ea62ebfc1f04b49a,0.005687492689437728
ck_75bb521de55644c7,0.024682930294100052
ck_81a960fddf79ecf1,0.798170249092059
ck_8da980cb2e1e2bfb,0.06834495732452621
ck_fa321945ebedb916,0.028798129528092256
ck_00dafc060c8de32a,0.08386760798267547
ck_f81a97d350397306,0.02610824050495294
ck_255d87b7fb40caa5,0.03675777454904581
ck_d5eb179dc45394c6,0.021834100529724204
ck_628f449e248c19b7,0.0327769336473055
ck_d9506476ad3f9e08,0.027728230546154777
ck_e3f1d85fa5d49396,0.024177183517829624
ck_6f3a28eecd2c4031,0.024566304669167628
ck_46d8c029d46867b2,0.02619542276219072
ck_daf7aea023b7a8f6,0.019789294869973842
ck_aa37993f1c17cd1e,0.036107705973653634
ck_9c3aa9f23d01fa1c,0.010689478862006194
ck_9658a6ef471053f0,0.05513552476420784
ck_260cfe9141d249f1,0.15414709546170474
ck_8f6ce158c2902877,0.010238698971411065
ck_430a3d03be588201,0.012613822181517022
ck_b5f9dd00914b4db4,0.0370790714324983
ck_1c6820fc38135ad9,0.01696400026861898
ck_1f22f04dfc08cf27,0.008390718699047667
ck_aa0a3179f1111674,0.005753116471014625
ck_9d4b5e6b43bad4d8,0.019397680955628313
ck_e3b3c5a80a567418,0.022219922306153262
ck_937f0da2306b2eb9,0.025805444841111542
ck_cce8b6657a538fe0,0.018697002537209156
ck_9e665618a4860306,0.05556140438705068
ck_8cd274cc85aa35d1,0.019865965405785526
ck_b7da6640fa2f49cf,0.08252510670444536
ck_f568772b6cb3febe,0.016292915383027375
ck_e95c8cc1864bd584,0.023515422176808205
ck_66600620149c8799,0.0894208868654283
ck_81307759252571be,0.009054866552392463
ck_378a9df82b1e0bee,0.1948330856527169
ck_9ede89e8a43c3f53,0.07359768615433446
ck_2ae6949246ea2648,0.02165922641836916
ck_2c27b77c59d8f23b,0.020937918565057386
ck_94940d783e7988e6,0.04185841339529288
ck_2db10f987d137582,0.03783065464195508
ck_dac3852758f4ea89,0.08712178368020583
ck_b5a3e20fd210017d,0.025728792964958266
ck_3f7c870510083a51,0.010650799624546908
ck_96a89e720176b389,0.041202183519636025
ck_1aa87cb62acc0ac6,0.0376510263166984
ck_78cc5ec4940fec3b,0.09477229299145581
ck_31742076e9a998f8,0.029579761613290907
ck_3f9e6d356d3dd3cf,0.010181814108224392
ck_ab1b9d019921bca7,0.015763406785932386
ck_c8791f7ebd4d93c7,0.03101426889179659
ck_47a6005fabc33551,0.0394965028554534
ck_5a540b75c866166a,0.04666054838275232
ck_059e4fac6b7f704e,0.010044575230823034
ck_6c72a36b05fa0f4c,0.02321593797054835
ck_966a167758fddfd4,0.058050023992607024
ck_9ce743dd3e92549c,0.03445392940720014
ck_08a6d4903a7fbaca,0.020431397126988018
ck_8e5999c436cf037e,0.014085179638701921
ck_acc764b49ef02826,0.2856221802964671
ck_7cc2e091806cfa5b,0.036709802746401524
ck_5ef935ac3d4d3332,0.01612010523016868
ck_a84f2cdf695a71d6,0.019054428330169806
ck_0a4d7acd2a53cbbd,0.054771987440694975
ck_c5e4a17d3efb19a4,0.1759451030841923
ck_8716cbf892c50e29,0.009772723282636986
ck_b8c7771de9b57705,0.04126113847709511
ck_0deb56f3f6452818,0.05645004841483893
ck_c1e5182bd99e0e35,0.04402623336073342
ck_f786cbc987b70930,0.010641843362750923
ck_ab581082e8f72e3d,0.012956247662720154
ck_45e70c8a9686580c,0.03015079739879889
ck_6fce5a893613fd2c,0.021826258337227445
ck_003148504557f720,0.10114649201724474
ck_fffa0622344a36ab,0.012657028468669966
ck_d19bf4dc0627113d,0.012008912681126343
ck_a337eb38eefdcc88,0.08255139974336556
ck_d4b23804cebb045d,0.01252344459382175
ck_7bda5b5b927b2905,0.05568044496087413
ck_f8124911450fdf31,0.5064324801008379
ck_b4d2f02d2cd45720,0.243768287628062
ck_0f4e2ec66d50da5f,0.01111269687263948
ck_186161ce152836f5,0.015378943327848936
ck_e4d0a9e1102a58b5,0.009270491855981637
ck_a115a7919ac5875a,0.054115967646744756
ck_c8efa1538b37c359,0.08766908100956224
ck_4d9eb75e8eee90fd,0.018530365013473937
ck_9ea3d5a5a91fef9f,0.02731757730345396
ck_3c59df37895ead2d,0.011969111398170787
ck_ea269b35406473e8,0.01827547011554229
ck_2a5b31594206eb30,0.2921212057552907
ck_1fcc5843f39148a9,0.011150508334236578
ck_7951bd4eb99a0175,0.02580005941926112
ck_abcbde211b6267f8,0.0510695736458943
ck_7b922518f667f76a,0.01000290365908035
ck_0bfc394c5faa65cb,0.013968361486465493
ck_0bd77fea8ed75a15,0.03610904668095925
ck_7c77e597c951cdad,0.014869126140128692
ck_e72db9d4b2fc9997,0.9764936309672377
ck_ab01db9117acfe3d,0.009084588457122147
ck_471e4018a23b4e56,0.0760415309171864
ck_4b31a8862a857e6e,0.8634734493842068
ck_87cf36a03bd63c24,0.06294613744061249
ck_adc576690df5b33b,0.029567507073046454
ck_02dbabda93c8c13d,0.030352260389289086
ck_64f5eb4be9e7b8fa,0.06348270559488896
ck_43c1248db37a2eb0,0.005995789999405803
ck_b08afc91d9ca55db,0.03351806562427916
ck_237508ca4fb37268,0.033906379458655
ck_982b0bf2e2b6c4f7,0.03204789687159539
ck_71c3a8e4c12c989f,0.015466287848730992
ck_41938582f4351772,0.04221726678291802
ck_642344e5c652d8df,0.016540285831415882
ck_cee56be5a502fbd1,0.11439000180830045
ck_0f38d4aed68d7d24,0.03580272819334049
ck_3ed4d13f12fd9d0e,0.024292119540478295
ck_1a9e51d092d62c84,0.2502359339773411
ck_22128a4f0d033422,0.00774070129680334
ck_c189b551bd111332,0.03852747598476944
ck_5d7801201749ffde,0.03340261270990831
ck_982c2392238b7be3,0.3299065219403785
ck_bb4c6b713eb0b978,0.05230054862653489
ck_2605fd571219e28d,0.015003524715926288
ck_bd30853e9a57b544,0.018001695129088526
ck_a5276af466b681de,0.005628609391796007
ck_32e486859130458f,0.8397413473996777
ck_9e35b908fca1e4d7,0.02657525641161417
ck_c285a51ed6214f52,0.1111980339095675
ck_67674348e68d1f25,0.07160251448782766
ck_7878679065876b98,0.039114882862367466
ck_bd32dd3b2cbb7888,0.9891969085095298
ck_16dbafc035574654,0.019079372610787782
ck_c1c2cb49c3c1b0f5,0.11154031214775646
ck_8f59f11b512d5b7c,0.0447578996153562
ck_c1b493527224a27a,0.033868178451198896
ck_e89d25ed7bdeeaea,0.03084173413873836
ck_9a84b396aada3fa8,0.053146462367368155
ck_d2fbd0df99634676,0.010639134749217339
ck_67a1aa88d2ea554a,0.01672724556474438
ck_ab2e3fc56f5b3aae,0.015542515156467585
ck_77c587d24695ea15,0.031128401090314443
ck_f0d806624ef3d359,0.025049821161593405
ck_160e9ba0a3f7c1fd,0.015365856212570505
ck_8c0210322733c718,0.025979718204444606
ck_ef261fc09be8eb0b,0.027123678301371572
ck_a2624e0387974e0e,0.07848838544870497
ck_6ecf56236789fc09,0.9825698909520296
ck_3af1eb88728ed8c7,0.03827662867336506
ck_5d8773badd0d4740,0.01781795282599387
ck_e794741742fb2619,0.018619141056795244
ck_2f8120ca80a1592c,0.03938113017336567
ck_ccb4dd9d0a48a76e,0.009358238875786918
ck_bfa7ba218b988cde,0.0638301826267455
ck_64b4dcbf436f0b75,0.01082365786341639
ck_41ba315d8fccb559,0.010739887651727044
ck_d23f9a50d1135ce1,0.1101162119679491
ck_4af5ec61ddbde1a4,0.031664508758778305
ck_560bc6017870ab06,0.0067574099418349735
ck_dbdf8d0708cc6718,0.004699456160952072
ck_e00332597cf1eb24,0.02470047918749778
ck_df6fe4ec5a233213,0.044472807700509855
ck_94d5ce61a0c50465,0.08357818441954701
ck_e6fecb82fc2a82de,0.007490208334212312
ck_c4f4f28457be8a74,0.01233455199727215
ck_c7e129058beb3ac1,0.010809784096333472
ck_4ec040b9e3785e4a,0.004952013381045505
ck_e21f9f96f597695b,0.012748703287209083
ck_ada6ede84c111719,0.029284760383053884
ck_549ed417f2834cee,0.03509817842395782
ck_5068ee554ceff971,0.015536077273594271
ck_d7d50fb57fcb2d0e,0.015436005067071082
ck_e0e9cfabb979f428,0.01656445800613265
ck_34bd190d37eda534,0.03174630742756804
ck_99021fe7225b5a68,0.023814724608279245
ck_55933936536a4071,0.030916370840269335
ck_517620ca16505af0,0.011279035766302216
ck_ce927322ef8f651c,0.007093055587778998
ck_b294aa27a0b586d7,0.031367885483454386
ck_c9f9fddef39bc664,0.017469278027636783
ck_13757bf0eeb353e2,0.022740567767711183
ck_d116e0e7c19b878e,0.03690033684783633
ck_a3747201f377626d,0.9813208631146274
ck_a315c9619a317609,0.022382237387111183
ck_9958b58da9e3c21c,0.03323054886199414
ck_89184bf7b7fe41cd,0.1624993600148468
ck_16b66bd803288bc3,0.38085338446276257
ck_7b382e533e2e925a,0.03461736793879534
ck_9a56739d81f84a53,0.03366375562338846
ck_4f0c5857da45fb28,0.049031349832493125
ck_3b49768b448b071e,0.021970247235019155
ck_54bb53b8f8ea32ae,0.9934670187366175
ck_4c7c50684827a2cf,0.059877090895218185
ck_538dad7f096458ad,0.002889460167166325
ck_2884bab237af16b7,0.008916535000963913
ck_8a6ea4a79b1c7a8e,0.022408688448895073
ck_57c14e32fa4683bf,0.021824403049519353
ck_c5b0f0d4f1655a20,0.0899818485684673
ck_aba573aa942b1d41,0.0060441850320015434
ck_15239ef0689c1a35,0.011960081080770093
ck_aa153a89a52f7eb5,0.038663011688609125
ck_fce0610c527e2b56,0.034039705784431065
ck_863db2e394dc47d1,0.7229880184432643
ck_66dd4f4b4127256d,0.014172688258786292
ck_79205e31223df2ad,0.020714311474651904
ck_31d5e3daced93d3c,0.009887070632288563
ck_1fca72e03143a645,0.8889977159918723
ck_a627734880aca848,0.009364331633787974
ck_8449a28f7d475d93,0.030008815138444236
ck_27eb86a9898cdfe3,0.018252046249902922
ck_50087d8666191144,0.02916023662720203
ck_d28806a2179092eb,0.9941043226481183
ck_bcc8519fe8521038,0.11706687970980756
ck_53036d3c6c74446c,0.1694920503663978
ck_7d81b59d615a6649,0.0446220980881793
ck_5e5280539257c986,0.029665788047042875
ck_1838cf8d00f5b1e1,0.006358764966898898
ck_50460e0189de6274,0.8696715781422343
ck_325caeab5c7a9c3a,0.010974092981168
ck_7ce4ca91b8f9f1c1,0.022081311562697107
ck_f87d66946252476c,0.11616048859697009
ck_6d0d081bfa8a0022,0.03854661585017048
ck_ffc8e3c1377d0706,0.015776468327091123
ck_38d1a22850178f33,0.018086328194328684
ck_5c58e7f8fd55e26c,0.005715650985960745
ck_1375ad9f10688e4a,0.023042849523798013
ck_7ce768407fd48321,0.018087709753387773
ck_31b16b8848584e98,0.10597394988343847
ck_fd44e34af620e606,0.02768454904646393
ck_9441d48a12e8a4bf,0.06273975262384494
ck_f69e93388b3028cb,0.08407825624224871
ck_687b412e2aac7eb6,0.03437905509055281
ck_f473a03fbcdbc4b0,0.05200768228931077
ck_28588fb03b320520,0.0359111055944633
ck_9f9555197480d1cd,0.07968335737080669
ck_2ddfc948b8eac752,0.25605480858954144
ck_d56fc799542299b8,0.009711171422593064
ck_edde1d7d1db24725,0.021163153440767878
ck_81793387b38047cc,0.02114700793766468
ck_13648cbd306eee6d,0.015046448138557532
ck_a5d7311291caaa54,0.07083211658367171
ck_bd26d2bef14a8597,0.00648187674969927
ck_8129e81cde280131,0.007603975071749806
ck_431118050b834dcb,0.006948886357499558
ck_580dcec33ec232b8,0.0688863471126695
ck_ecf006bbc78ee3eb,0.12387984826926707
ck_acf7d65eaaa4c31c,0.02847275302469461
ck_8ce9c5807acbef48,0.02135297451209097
ck_c3d7d3d12a1981a3,0.02216553948183662
ck_9075432001a64e75,0.010883141621518898
ck_f99738dff854e25f,0.015881234139568642
ck_a1a93c5f375f6021,0.01601308626649448
ck_a35d81bcc54ece2f,0.04271641886281083
ck_f3996a3c8eea1ea0,0.038359821804756694
ck_b75b936aafac56b9,0.0056856648675271265
ck_25c355da356c730d,0.028303798382937718
ck_5615c6bbdef05291,0.07026521782558251
ck_4db95c310e105d30,0.021857453910051977
ck_b76510998b9a2260,0.03205128970530071
ck_90bc176c43d85fd5,0.14590377184800815
ck_4b387765f0e916cd,0.01789231020471152
ck_f11b1565f986f5e3,0.018725903946150386
ck_e5018f9418e0102e,0.06320388955749293
ck_a08f8dfadbdca112,0.030261577325583936
ck_cdb8061d8d1a6c5f,0.02997753525446775
ck_6e8ebaea8f7bffaf,0.02119397272592874
ck_66746d1090d6d9e9,0.006063258082176918
ck_9cf5e88e97c8c7ea,0.03891074714277686
ck_fae7e518a585fa61,0.024792661943853336
ck_8fc641b1750a2542,0.039367395013451593
ck_c9eeab826781dc91,0.022407612625463903
ck_95ffa1a805a1c9d1,0.01942132048011511
ck_e839d104854945f0,0.004798345558260548
ck_f04040a830f92bac,0.045586680563080656
ck_e8b5bfa6838e28d1,0.00584378282118779
ck_72e7b1acc19df820,0.105819312962724
ck_fe43da07608b1749,0.019616755031549634
ck_7e29c10d781c3b41,0.01110712095125267
ck_f56073911c9f1ab7,0.02059679879210633
ck_68be4fefc85a6b64,0.38324315035424983
ck_f07b09879d697b82,0.02274756362275096
ck_b9c6b32f6bd92a3c,0.02612323727265076
ck_c8ad86806b9a2369,0.031909601933596744
ck_722ac47c8ac9b6c3,0.20007318523533146
ck_d812eb6930192793,0.020784530031129546
ck_1774faf414a5d49d,0.7130147316909504
ck_7b93a622e40d8b14,0.039539550226501054
ck_39638880292782a7,0.011867206023978899
ck_11132d245b94d045,0.02518880921992134
ck_f736cffbdb82db34,0.008690857602850629
ck_0e477084434da450,0.04388497352864185
ck_ea819e337233475c,0.09475601349291439
ck_c6b6ebe145a8ffab,0.03604572288144491
ck_0af3c13ba56ce57c,0.012247774514520878
ck_cee8d42475a0f020,0.01783090912878477
ck_748b3ea941d8b3b9,0.031831789865508484
ck_96c3a3517153390e,0.025434827141331783
ck_de8af660806b97b5,0.05736886641583299
ck_2951d76c41de2569,0.04556682314197434
ck_35fe969c58b9e70b,0.021983806490640523
ck_59684167f9c6bf4c,0.11116854759492607
ck_1645e6cc53fa99ff,0.028535624034460895
ck_fa04ac31e596e7d6,0.009850611797720156
ck_ace21f6daef94f6e,0.008054050831058698
ck_1cef30d08f3a598d,0.010006576379837802
ck_cb61902798ecc4fd,0.04574901779333886
ck_9ee044b73943a90b,0.028644844282625617
ck_f538ab6aecf2adfd,0.01588750269993586
ck_c2608f78f6851d10,0.04398365477947143
ck_cf49b6544aff6c50,0.4011103981389009
ck_f45bad1606fa00a7,0.012151169579727585
ck_863708a99b92ef0d,0.023642061772259342
ck_7fc9a0776e1339e3,0.0051245998620423425
ck_320df984791a1b99,0.014203380229647289
ck_6fb2d142c09ed3ed,0.06252158538979659
ck_3e47f8c56c811700,0.01946970571051582
ck_0add2c321d579d75,0.038663011688609125
ck_e4c0fc52c82065d3,0.02101871656655068
ck_ca68dec0c7df5a12,0.03332775204450897
ck_ae3a763997f8f385,0.03470694095749366
ck_a38bd07a5fac5c9a,0.019560730582783917
ck_a73045e96af0e4fe,0.029972137959097003
ck_f29dbbfdd2786bd1,0.008883923443217746
ck_a7331e8b808c39aa,0.03430281855449924
ck_16340be3f2a7fffd,0.013940326917770135
ck_b129261da9c3c3c9,0.004649193489715083
ck_07840bba5570785b,0.1760940113028235
ck_abb056a9deab275a,0.021819045404572007
ck_126531a9126c17c4,0.023715981547040816
ck_333a43ec339a04cb,0.05497883484132233
ck_34a6bd3be642f15c,0.029850865211665488
ck_9c46711b14d9eebc,0.024542695173557696
ck_3acccc69f8b1fd14,0.05270098508281236
ck_74665e1209140ae8,0.02045113410956598
ck_670dc4910cf476c2,0.014863543726368594
ck_7e2d6b22a0ae20c2,0.06476663856851267
ck_723323f6870fab59,0.00931288602781905
ck_c8affb27ba7fb5db,0.08345468162721051
ck_e5f8c8a5824db594,0.020876230919190768
ck_7e5f02b51b9f78bf,0.02816485340020313
ck_b7e25ddd41514d4c,0.016496061773077844
ck_0e0919292ad33472,0.45472524589834956
ck_e35a4b4a3cb4cedf,0.012213998508518715
ck_65be698386474170,0.017078929033050038
ck_0cf220816e320ac5,0.0032335318751063186
ck_0308e0602b856445,0.023385836513761554
ck_5e1b81848718bdc3,0.01828485438375382
ck_2085433978e72ea9,0.08518812638461815
ck_b5e4c6dbbed1b773,0.03829399388335418
ck_eb9f0c06ee017ee5,0.04821630934275066
ck_30dac0a58c5590cb,0.16021665533882504
ck_05e01ab9c95449da,0.028726182876952635
ck_f409ff994a210601,0.05101122391565232
ck_05652e8ace6ce6cb,0.012128455662612577
ck_f4ec4a935e51b4db,0.02680217656582526
ck_df5aedb4118020bf,0.946842917025536
ck_1dcaa3078dbb7571,0.00789404426238087
ck_47e1032f490bb018,0.013082230735704577
ck_5ea89567dfe78e4b,0.021850796770572778
ck_1225a97fc413a419,0.08935189208226747
ck_2296d7a563424883,0.012918619560431535
ck_57c07c45269ca8c0,0.02842198147960461
ck_7df3f8f4f1068d62,0.07362843126873145
ck_558ebde8c29132a4,0.013433877203030775
ck_2d923d957ffd4d53,0.024643574572671103
ck_6ddb55b1f23c6cb1,0.022536388334025756
ck_93470896f0804b6b,0.8658973711468236
ck_556c62e92d4e7e5b,0.07646934227393923
ck_a059d00cee5cee99,0.01479872730988396
ck_0174d76398d9dc0f,0.3847673293611577
ck_49e253ea12f4e922,0.1432263535136287
ck_f7276091bf513d22,0.014933960063697746
ck_d321249fb065d2fa,0.2095266728981264
ck_e0403d507519b7d2,0.014567834917916848
ck_0f3de7f074bb33af,0.024216294729578963
ck_bec8324a3587ef04,0.053353663506685085
ck_a3c25d6cc7478068,0.008074325129908426
ck_2ab7eddee2d8c49e,0.009803991279456319
ck_e475a3b8ba870a7e,0.008104437061966048
ck_9b2b0e286de78a1b,0.009275749255327164
ck_5cf67a3a747e684d,0.03132058281378522
ck_9401f9e11f65337d,0.05371901629179961
ck_a0e5656e1cf9cbf5,0.008308117766446839
ck_398a1ed77b0130e5,0.009925790633596549
ck_4f5d022c99f118b7,0.02727765670307074
ck_630530e50764f229,0.036087632416754785
ck_5cacad76e02c8e3d,0.7289164277058031
ck_2cee2dd7bbfc09a0,0.7357145048487828
ck_9478dfe4114c30f6,0.017332266481350025
ck_2a09c7aa870edb6b,0.01294732146260878
ck_d5d225ce41a1a762,0.011989197731012416
ck_76091f357974a152,0.009312735456757313
ck_26cfd7c3c6c7bf69,0.035583735308421655
ck_8e54386f4fe22cad,0.00727455367224719
ck_22b52654776a1ea8,0.9217368901142694
ck_822d6e8e43befc72,0.02732773405038318
ck_15eed0f5652f0352,0.008591166432040328
ck_6bc351a3d57aac54,0.007490157199167936
ck_bc736114a31088a7,0.017176163683928186
ck_002cf760d173f0f8,0.042952288182329344
ck_8f8e4fb9c6190272,0.013017441402584408
ck_a39d0bca345b492d,0.06999426193458157
ck_216e87a41de22b5d,0.04104556805334329
ck_75296704f5806f56,0.03539427598712094
ck_2bdd8616870e5e1c,0.014254540908790286
ck_798157bcdb9453e1,0.005855941499239007
ck_9a1e3ec9a1839939,0.021500623352564564
ck_a9d994554fc14a02,0.007452887421555617
ck_410c3e13b48e0415,0.0061122881731092635
ck_d4febf0083800424,0.2558734971547014
ck_9527adac182abe57,0.18161523618297884
ck_4087065be2a45ad7,0.1325741505537369
ck_c0e8560ccfd9dd9d,0.014552189680777127
ck_8d87658a6f5d204c,0.48607654302404685
ck_d973444855403e2a,0.015979326202765088
ck_64eefec062592c43,0.02075258020488227
ck_5b86fd14e85bc9c7,0.5917864413302742
ck_ba175b1bd8efaabf,0.04402402902514096
ck_7696e38b3e4197b0,0.01217868577847878
ck_51bbbf8f8e8ad005,0.9976687338194447
ck_df935d8bdd44883e,0.0072585761203452755
ck_a0714f98001efa0c,0.014843773176197879
ck_8c9b57ad2a991416,0.05545430350136641
ck_c8c1bf16d9113493,0.1267738133129475
ck_b89cb90a420c9075,0.04412870193580983
ck_f0424b3b36bdbef0,0.08664684145178536
ck_8e89ca8b39f3f8ad,0.024393710933073083
ck_9c5feef7647b0588,0.004061534734791727
ck_374865697f1480eb,0.02061467740454555
ck_0229a07185f15469,0.009104488809112387
ck_4291fd9c1161d8e1,0.02239114515841916
ck_61a59a7944d6c53e,0.18360431246404435
ck_f21efd504faa654c,0.018733773380663073
ck_64c1633297f43788,0.012825782308809503
ck_991c4c924a1d85ff,0.7258648328738913
ck_2dd39723c4088b64,0.00691838022049225
ck_65f76421be648549,0.012695577830744497
ck_1b93381d8eea58d1,0.01805498284393508
ck_8572c5f5c1447c62,0.0279770929747644
ck_80b8fca67a14e0be,0.04631020418661717
ck_45ed5ee496ef8a67,0.01786877946934283
ck_36979996f33498f7,0.27966144340840166
ck_219bef979ee21bdf,0.01343517505314531
ck_7a6cb27e390b6ceb,0.011791386532587806
ck_d07485ba10514a2d,0.17350702659259432
ck_81e21354e477eceb,0.041863883055954926
ck_df39e3b8a9fd0bfd,0.046006202131414646
ck_49839e761d0e74e9,0.01868930222199361
ck_9d7b9e3ff1f3e71e,0.007241148040736578
ck_f63cb5e8cc702bad,0.01363385819132675
ck_cb856e75c949b0cc,0.010200747433310241
ck_0fd9312411b0ac55,0.01697927860087148
ck_9affb0f26776b642,0.01187482190701357
ck_c417d06f3e94685d,0.01205315510951444
ck_6c2453229d608183,0.030718050325391034
ck_1867b1199c864db5,0.07835669026725701
ck_8398adeaf41f9cae,0.020490437191872227
ck_796d3eaabc667c23,0.9943246974175615
ck_b4d55bc809000276,0.02017461537775214
ck_839bf139296b5cea,0.01481824820738407
ck_e57b94fe57341058,0.015249779425933193
ck_8ca808cc5a49cb5c,0.02771485073065842
ck_f4ec334be5266378,0.008754201927993045
ck_61c3e3e277629646,0.01641646749481993
ck_483fb981a1fb4317,0.00430009017027253
ck_71f382d5e338daa3,0.011662209228128816
ck_124a197be41687f5,0.021689275677789943
ck_4e4f99102f6938cf,0.013719834609411693
ck_3add4d23124c9290,0.031532219499221276
ck_5c3f13de0dbd5086,0.021284589849597198
ck_921ff5ceaf40a968,0.02208743400878428
ck_fb0c138c003e933a,0.011497191413446796
ck_5177fc7137ff26ce,0.013716905135989577
ck_dfd4e79aaa967b63,0.006735959128125691
ck_850ec97a5a0dab9a,0.3224268275488229
ck_d1a1cf4cf61d6801,0.027643860532028403
ck_646b15f753e5e9c6,0.0207128139730325
ck_60f4fb44f5efe3a0,0.021050155229007515
ck_b53084ffede19a8e,0.008173985924438472
ck_5b16d67c5ea89930,0.012693990690842935
ck_a4ddac49657a4450,0.021586049866343937
ck_f917c82af80e4a79,0.07379865910815873
ck_b87ef4b98cfcec4c,0.018228150727252673
ck_877c85bad118bc62,0.060840070136703006
ck_42317c3eabd0a285,0.015050459375239604
ck_a5bdd026fa9c50fd,0.008343178633234914
ck_7c88d3d377bb61bb,0.10407280899995727
ck_9acd98f4fe2d474e,0.05862865302364651
ck_6d64193681d2a94f,0.06033903782407119
ck_991b7dfd69098320,0.020337030930520677
ck_c5ece5ffb8800ad4,0.018869294584788945
ck_ffe91d6f0bd93fc6,0.03727386557694941
ck_14f9535e53f9c7a6,0.03787305053597466
ck_e35b2ed08b9e55a7,0.014006780308996707
ck_3ad6e7bf452c9b21,0.01620092351738857
ck_ad8cbe6e27e47ede,0.03629216849844132
ck_29fbabf855cabdff,0.03297153553160681
ck_700cb620f300dd47,0.006070567275071677
ck_b1cbd6679c0f8d95,0.013207845586971115
ck_708fea345f68037e,0.007664073464180673
ck_b08247c3ad567d92,0.22587763045858653
ck_25fea39897f2a559,0.019507244579215172
ck_9eb80edfa43203de,0.022892536692922145
ck_6cbb011e0c70bc7c,0.01269915758875601
ck_309a432c160a17b3,0.03340512243873481
ck_e949a0f4df0b3902,0.14328614308175547
ck_4b123d6931b6d0d7,0.045997055296245454
ck_13677a1957078827,0.010623681681773875
ck_243bd5ca8c4ae5d0,0.00220730891459477
ck_360237c1bd30f4bd,0.010502283080580554
ck_b17c239f160e6017,0.014540880767815395
ck_c91a628236baf91b,0.08668111260128297
ck_182dc4a2f5a366da,0.0337575899192503
ck_9fba80f56f357fe1,0.010058447692980315
ck_c1c5ea839c58958a,0.021305336207926153
ck_6a0684436a1e66c3,0.040699936860164015
ck_63d2978706e193d2,0.014464447186415399
ck_8703543bf3134306,0.025079385649345705
ck_d79bdf04d6f31cd5,0.01484404501495518
ck_b0d33b5a3716661d,0.052011333173003445
ck_bce253d2396681a1,0.023541004230119983
ck_9be551300209fa83,0.013742577186326163
ck_ec3d12848ced99f2,0.004335760752504538
ck_ad305286702b1958,0.0071255657418416996
ck_96c7d52ba0a766ef,0.019931399815441765
ck_e1d5ad20c737c745,0.07330607797692593
ck_7429b3f87528e335,0.017216440167366148
ck_cf606fd6ebfdf9bc,0.012116308531401642
ck_878522cb775b904c,0.032385250076260134
ck_218b7e6e6dbd2da0,0.008515600722774255
ck_1dc23dc870f1773d,0.008564632842946292
ck_fac046ce336fe39d,0.06690490820289
ck_0d846660c7957a88,0.05126751409301037
ck_6821459b626d492c,0.011453850973866793
ck_dc4db8b932df49de,0.09085029120457318
ck_c49832eabdac5bb7,0.014020885283708576
ck_c3e37a4d3382c32e,0.01859441353620246
ck_68b8b859a6ef505b,0.01975376019810866
ck_8d501a0386c66be8,0.08316547613424007
ck_86b853c52f20fef5,0.008215010548000345
ck_15886fe84866de92,0.019175134223770558
ck_92de019e05971ce3,0.011344727830733144
ck_af7ffd1a822460d3,0.24857607932683726
ck_917d82c552f95a23,0.012197855587504448
ck_74e5dec189761d14,0.01456251958741878
ck_54b374ade34e1dc1,0.03490652006225981
ck_beb97e498e6cf8e8,0.04456276872756333
ck_a96aaef34173aee6,0.0468926880743163
ck_79ffcfee599d77c7,0.01701917139538824
ck_322ffda3332d08a2,0.021446347045357975
ck_3b1d7648d4580bef,0.05238626552796823
ck_6e4b99fb9725d9fa,0.019796043148380276
ck_893b8afbe11301e1,0.013854890954905977
ck_56b992c6f136fa5e,0.04006686275845698
ck_c624b9063400fa3a,0.11011434708461454
ck_bed3e3db135b782e,0.03243096866584936
ck_5d038ecb3c8748a3,0.020237071587337473
ck_77fced07f6dff42b,0.019078803684808198
ck_05d81b1a150f31c5,0.018861369863217934
ck_285719c77eadf915,0.005268042796957383
ck_664b5e02759f985a,0.007570403624117966
ck_eb48c0bcd12ea654,0.02067335767510956
ck_1bcff399166d7c43,0.011353655055005735
ck_e9e3381d5e0e5051,0.006128583149791706
ck_f5f87f772388efa0,0.05043116697234261
ck_80b072b7f3c7e8e5,0.012167102117125825
ck_386680372fb54857,0.04525782363538321
ck_d98934f9fe0b02b3,0.02608909391659671
ck_283c5bea94b21e80,0.009846229010179525
ck_8dbaaa00ad829ca9,0.015248379597553862
ck_9782c86ba6485f88,0.011893276170174227
ck_83a69c4a5d55ef19,0.019502616516214395
ck_4fa85cebf707de2c,0.013267334329009995
ck_ce1500a7f0d03fba,0.01133423925808283
ck_73d60b4630e3937a,0.038596912785466196
ck_279d43303708109b,0.048465245551519306
ck_64ff60c073fdb6db,0.029405221484140126
ck_d5c14e877ca7b755,0.023071819733473303
ck_7e5401c362b2216a,0.016811773041396527
ck_064b2aa3f0bfdb6e,0.027286427733632285
ck_70066eea13b4c34f,0.014204389106017602
ck_f0d349d68249d5db,0.013417433092581279
ck_86bfe328e0a533b9,0.6301785037780278
ck_18f67c00ba21fbde,0.015392657535393837
ck_72fdfc7e6d8e1436,0.0249149916272625
ck_75257ca7d7da2861,0.05678641678568129
ck_a0c3059a959ba5d1,0.04094613214577999
ck_52f641c9ee6fda70,0.013309437558231855
ck_7c6b577174af7a78,0.021989828499177126
ck_52174855b243a8b0,0.06334019556944137
ck_c12805fa5d970a83,0.034158932006697146
ck_0406931800e0e2e6,0.1023638823644219
ck_4b97d19ed946f503,0.13475598341015518
ck_87dc484baaf5a23a,0.004101720559762205
ck_539cb0d117db8cd3,0.14054619584104738
ck_09f8f51bfd2492c6,0.027059185324705446
ck_05c4dcbb45de1f8d,0.019070623809926406
ck_37139b41c5370523,0.06658863582483585
ck_ec094eb1cbb3efc5,0.024258835467841
ck_db32c95ce2b6f502,0.9741201948293805
ck_7a02ee1bfba7353b,0.020359683546274362
ck_571dee4f3336c7ce,0.016335960666286602
ck_c3c69aefe7ea1d2f,0.01931017951703342
ck_de05f97c3d40dd1b,0.014992791168344665
ck_823539d936c55fc6,0.01023969210508533
ck_97e94708bcf43563,0.011313123540664957
ck_71c68dfd011dbbbe,0.8716475617681442
ck_f5791fd8fd8fd191,0.03297463450385329
ck_ec986285fff05b7d,0.00964515890061068
ck_da3526ab6c5c884a,0.12445784422121244
ck_f9197b070416f443,0.006173792293195054
ck_4fc6256e0e60a926,0.1581104269664011
ck_9c0deab8a8367c5e,0.010172527132588096
ck_f34fb7ccf82f41e5,0.01809317756089912
ck_777669e2243204f2,0.8419761296422067
ck_d3a2a4c011fa2554,0.010740097584296155
ck_ac84b33304362c06,0.029991061454098935
ck_16af4be191c47d3d,0.012268760510974596
ck_0446920a1004c596,0.009533009613784008
ck_0c6a50d747593b7b,0.01502106481506376
ck_193d9c87ad3f1dad,0.021585333149069526
ck_5b8315726f6204e0,0.018463736329296373
ck_f7e53af3c91fec64,0.01955639630937635
ck_e679fbf4f4f4aa07,0.042339446751619624
ck_59a14d2564193101,0.017454133924859054
ck_0e9ec486bff403c5,0.026740408053965076
ck_f6b7a10d47dd9a1f,0.009224254229155337
ck_4b4d99e443618904,0.019011020557878684
ck_4f05daf1cf0d5755,0.023347465654310062
ck_64ac5e6fed86ab60,0.6580158227835916
ck_01ac687ce0d696a7,0.03136740616208798
ck_5f9a7ff990341bdd,0.012610823397802128
ck_010d0c2e6c1657fd,0.020205402910692227
ck_4b2e87d86a5e415c,0.11313522194206599
ck_66f9f78d4c6a3edb,0.021597525182938514
ck_0b1d84252c0b46c2,0.011578829447477205
ck_68b5542459638b56,0.07696471678618924
ck_62967b91504149f9,0.10430271560617921
ck_f99bc1732ce5e999,0.02800343270439641
ck_c2017120b3b88a46,0.06909570306428743
ck_f7ff94c3df5ac874,0.03012140109125468
ck_25382331551d22a5,0.024830096178205488
ck_703b41624ae6a5b6,0.023462478440964912
ck_e2c66c72cc0b0f78,0.0685818984392165
ck_28ac4c5134cb8e77,0.03997246701878099
ck_168c96a1a636ea15,0.02153402559996531
ck_39a81899dded61e4,0.006647593335476524
ck_94a096c36162a153,0.017028001282539486
ck_ee535461b5f05539,0.23433040406174932
ck_59c29d9c57b4f994,0.02959966298696897
ck_8982888dd6611143,0.07193095134255728
ck_60896cdac2212bea,0.04934413909276903
ck_aa188e5c25f7f42a,0.05669660127752865
ck_1f56fe99f250cdf4,0.06068153770725319
ck_d0dc156441fcfdcb,0.022397741262856267
ck_395f3bd4aacd7ca6,0.015676650749488794
ck_5576b725de38d106,0.009021299525767811
ck_e2d1f212f259539b,0.011116909687657361
ck_3c3a1a1365741bba,0.010426318709990884
ck_4f325dd15c9bd45c,0.06692901427077143
ck_66f0945add423e9e,0.03939756771464528
ck_a74f6a3030f5d495,0.01675202451645663
ck_d9ea77f4114a389c,0.04834173212236667
ck_bf15a1f8d67a30d3,0.008308980129304549
ck_bb643194d1cbc47c,0.9410590965681985
ck_80e5ea27848069fe,0.01665325015036567
ck_635646a661f05b4a,0.032778864442807476
ck_bd80546b4807dd59,0.06709502421883856
ck_63743141ffa11f45,0.032852309930151785
ck_0b8b7c5c581fd161,0.025225723674707462
ck_79d62ef181bd0cd8,0.01976557888816176
ck_562c76a3753fc7da,0.7748780961880486
ck_d66bb1f063357f99,0.09446076413709442
ck_89d7bfc81c3df597,0.01016405643488281
ck_fb0cf32c4a56f740,0.04215294557495586
ck_6c679602a6476ab2,0.07058226361742538
ck_71b37fe47490b4ba,0.006314542603809273
ck_494ec63c5ce8e150,0.009953699528190805
ck_92e474e4368c4791,0.010531423068297881
ck_2d3d6c9364362017,0.012780407799889206
ck_354379de065a8ff8,0.011245158708145797
ck_f7bde7265053364d,0.01851742528569063
ck_820219bb9c761b52,0.036206385699524966
ck_a5ce2ae36fb410d9,0.0239855802692738
ck_ac55dc6cbcdf8228,0.005894882422985305
ck_f34c93a8173555b1,0.037181213416741625
ck_fb3b68b4424b5f92,0.01608867844516217
ck_d3f44bbe2f7e9b2d,0.06913103801962096
ck_dd9c5f0c42878e67,0.01695676661653663
ck_41bc3efa0fca700e,0.024140930943574966
ck_4d1baef193cfb900,0.03795622179066771
ck_aecdc5a96321a2d8,0.015729903700181614
ck_e7c8a9e4641eb9ed,0.0044964473633764225
ck_f2350bf355dc919e,0.07698517812414196
ck_bc61c59970f8de49,0.03843673228606103
ck_389607982eb6b701,0.2505628235663167
ck_ace6b72e5bf3e93b,0.33579167057718895
ck_2afdd69094c955c5,0.03182020514724758
ck_fc9f16df35190eb4,0.4518816227995134
ck_c43b4175fc9ac5bd,0.5979980279685376
ck_1a4e5ace078dd782,0.024130032582539814
ck_232325ef6bce92f1,0.010721285322857774
ck_51c50c4c443df31a,0.3163379823606598
ck_126a82e8d42e5ce6,0.03710154123874487
ck_caa348f0e65db062,0.7562536275594932
ck_a6f61864fac3c8fb,0.0064429795924647384
ck_694eb6c43193afd4,0.08506088139863437
ck_d7792b429620fc24,0.005420178045634393
ck_2208392a9f6bd249,0.01158693119827281
ck_8ff7a9b23a55fd62,0.01930612638247891
ck_8c5b29f6666d4874,0.03656261462325653
ck_fcf5b8216d0c18ef,0.01182302179668756
ck_393287947b5c8d79,0.04262907608144091
ck_3e6833574edf1736,0.0909876989125196
ck_8b772caed8f1541c,0.011831582435098421
ck_e914974cee1bccb1,0.04751073506694544
ck_4f1e962ff8a29732,0.030246487298634706
ck_f6923088c17a04e2,0.06872185578219575
ck_10f90d879209734f,0.009951407065788993
ck_3d6c3c00d854f5a4,0.06532393920240076
ck_6e8f8ef7a03cc6bf,0.0260326875155926
ck_833688de8629c5c0,0.006430159728042009
ck_20578ac693ea4e93,0.031213652454539515
ck_43aa136bdb0a2832,0.13978618766284653
ck_09cd5c4df1e81ac2,0.02724286973420086
ck_8f4b384955bf57c9,0.007875027894275605
ck_94b90ab8b2dfb50f,0.03800852142637948
ck_ea618f720ff0b4b0,0.023267392878853297
ck_6c83aa1d100a7cd8,0.10871823183205892
ck_e7be077aa0b2632c,0.02655342340553441
ck_e10ff5c38bd18470,0.022387460576866143
ck_0593ae243a9ebee9,0.0157750338308639
ck_b20b81b88dabe28d,0.0388389498922324
ck_2bb6a17e8eee35cc,0.012876250750017505
ck_8def763034187436,0.017801034911710038
ck_c1aebbeca6ab5ff9,0.01216587510490829
ck_ef307a6aee38d1fe,0.5720174968633621
ck_49dddb894d33f6db,0.03719142109285918
ck_0daec63bd5b0729d,0.02267956802472802
ck_c49b685d2b3ab89a,0.007228128397127844
ck_732d45bd578dc39d,0.042552710320270325
ck_74c3c3452e4e7cce,0.045833947633864
ck_5986119e7d81e831,0.03485879323848727
ck_98d2f9a6ba3a3077,0.34100402930962187
ck_586001d3ed9e7fbc,0.019678590601189084
ck_03be334935e999a2,0.03342189474185194
ck_9a43c0c73a39d759,0.09039192231600982
ck_a1c7cf63467df4c2,0.016270046544243286
ck_ad48826c1c26eb78,0.7255358159682788
ck_985c9ca112000e9a,0.029869977476176677
ck_aa06ed358e43db69,0.1115506435540222
ck_d21612d48bb4f7b8,0.019432732091433754
ck_9a9e3dac79280d7f,0.04777737987050358
ck_8250eddc1ecb07a0,0.12463910557542528
ck_d6f27eacbad310f4,0.02018990480503571
ck_27d69ff4e0cb428c,0.18852809976786145
ck_5e5461dac83531ac,0.02386870343334815
ck_d1bb8890081e0a31,0.018806524031923837
ck_cef2a485a77e0723,0.014311155823966814
ck_3e24b026bc66789b,0.0031827050759283423
ck_8105bcf69a75ee47,0.016287416625706475
ck_6494f0ef13ce44d9,0.007847275455617853
ck_a4a7ef3ad799c380,0.1944896601766366
ck_a48ec0c00ae20e82,0.036161267377237634
ck_4717f24f2c6f40e1,0.052631060957372224
ck_54748ae0f2daaf10,0.028041496916767317
ck_ebd0a45712dcf07a,0.014721126828178532
ck_998475a2e4dfad4e,0.0690290387461823
ck_99c0a41ac9c73857,0.02933052650806532
ck_ca24bb0de508efb0,0.051851648302268113
ck_f2b8995fe5402759,0.007124215160956715
ck_d37d56e931105db0,0.014245554312306745
ck_e66ae4fd586fedea,0.009062924791940872
ck_c1e7d1021ae58f00,0.013234920502426865
ck_687ab5d5554bfa79,0.020497552450826476
ck_8f8e5e2b9dfec3d1,0.03388269512784142
ck_537cc97d0398c922,0.09682131316137886
ck_56b389627d8f02c5,0.9889650379418076
ck_48a6754977a44db0,0.01977335678427237
ck_074f20921189e7d6,0.022395099243966706
ck_f22aacaf86a65d7e,0.07604181840033611
ck_828eef2334e17b3a,0.011386172454888937
ck_dd8edfefa1eba531,0.01592311227680308
ck_66cd34bc568d95e0,0.05514300626352761
ck_c95c786d2f8b8edc,0.014261562665740957
ck_bce5b7fecfb6264d,0.03817531641899427
ck_d32fbbfe32c00416,0.0158850306120549
ck_bab5759b07fe2bea,0.0019251751229300048
ck_c55afc68421d85e2,0.021237958886728612
ck_dca0b6ca93311ca2,0.0829024166943503
ck_e0571312f395cd94,0.021732734459450558
ck_fd038a7d33a9d6e5,0.023179653502122317
ck_ce66831f6611014c,0.022407710493407024
ck_09fab6b9825001b2,0.023445533292092115
ck_80b50fad7f255e1d,0.03576897843182529
ck_2a97db9377d01e36,0.011430961771531387
ck_9e5b7acf51b1b743,0.023060631757000637
ck_5468fa99c945d785,0.013763169210032766
ck_556786868599143b,0.011039874380900011
ck_a6d4f998dadc90c2,0.1807148761705675
ck_4d2159603045109e,0.0227350801736546
ck_a9ca2f447b984a6a,0.013095875249247206
ck_cd553ba6589d8bfd,0.011764775623694164
ck_830b2c5d1818ac07,0.025082445444930962
ck_80eb91b0b4001084,0.09615207546900677
ck_730226c2d216cacc,0.1013672582514804
ck_f07e27d125497b66,0.019559373358211687
ck_b68199ecccf2350c,0.018751425814306968
ck_15dd3ecaa8ce0245,0.3955891323134833
ck_6dac66c8198c07d8,0.018285071978726048
ck_6b817117d87063a8,0.019318448640780167
ck_589109a188adc2c1,0.045068397359373465
ck_bb76609b79e0bc9f,0.13937217853618697
ck_f0cbd5383bb07778,0.03183996034363993
ck_02b9f418524f6650,0.015078539445025857
ck_4e9a6f06ab134102,0.015891934812287522
ck_7334a9ec656263b2,0.022000881045932015
ck_f80af368cfc6cb7e,0.04292101331621736
ck_d74b2ead8aaa3f73,0.015229292101446138
ck_1dd69a11daa7bf1a,0.051082009305810576
ck_7509eb97c1948b16,0.044103699856579984
ck_a406bf11e48cf8c5,0.058505596093363456
ck_d1e3de178601d3c2,0.03215892951155316
ck_71044c29ef071570,0.005688495018126294
ck_a1c88c0568f142d0,0.09810794386615561
ck_dfc6f5712d8d6678,0.09852557253580638
ck_9c56114f84e9a541,0.011424653838392024
ck_d7c28eaa05bb7144,0.014939954229588924
ck_3a30132a57181fe3,0.04581001433465475
ck_48d0fc4f6a2109fa,0.9836214876907069
ck_c0389ebeb0e65cb8,0.006168107303725625
ck_b4c014d5c0cc9eb2,0.04244371982924067
ck_a4258806a533efa9,0.013882950773842538
ck_363751deae40edfb,0.09115914046987236
ck_c1295d97cdf35ec2,0.0026882797594074905
ck_648c03f9aa4e45f1,0.026546389610715048
ck_65ed7e72f24731e7,0.02600762017145454
ck_633e6579f5c74a5c,0.3253766943962085
ck_45cd5ef6b359e9b4,0.006149229926638224
ck_2e679af24adedac8,0.02097484259642885
ck_9e962f9bb0e7bac2,0.01850574791057623
ck_bef3193f124fca5c,0.14291945525917066
ck_a907fa8795cd4baf,0.011819723551061296
ck_f280d31f54a4710a,0.05238922541997614
ck_8c582eb0f6c0148c,0.023274246865818984
ck_4807726e797fb893,0.05726354118271742
ck_b3263e7f31aab45f,0.022629955538202937
ck_3fb9813849e51837,0.016205428812959253
ck_eefcf0ed15897898,0.011720087497179343
ck_bc996c523944644b,0.009614041533416573
ck_74b848064f2ff45d,0.01591553137389292
ck_5f9e34c849704b95,0.08498400938009326
ck_fc7a9d0643570053,0.018423940508408176
ck_f437a53fc832ec95,0.07280967111900938
ck_56e6cfa32156a916,0.008341820114563851
ck_2e1b46c5fc56b863,0.06513836757531663
ck_1af2c0b3b8d202c1,0.0027658748061442115
ck_27b07021500ee841,0.013486836469196158
ck_148cb0c723284dc0,0.014939292776247292
ck_70b9274473bd6dfe,0.004926507955882476
ck_fca7cc9c42695453,0.06744664654023513
ck_8d9518f64b222416,0.061961452758607656
ck_f1e1c8491f16f912,0.03845290893807319
ck_d36733da917115a6,0.04012744062844461
ck_a4691b57f837d88e,0.03834336198094472
ck_e738e920bbd74a7d,0.016531210416454924
ck_6d26a152f900fee8,0.0065934856884499815
ck_630c835243c66b19,0.9715744669709399
ck_e88e86b19cada4aa,0.03159078255640739
ck_15918075563eb074,0.012969334687114607
ck_9439bff87e616d4a,0.26624915920765496
ck_993beb188dd4abb6,0.08638648698095246
ck_dff090f03ca5529e,0.014839545248643192
ck_3baae40454c00938,0.013242678596699026
ck_6ab83f45bf16eaa6,0.0359368997243753
ck_77fa39d3b733c226,0.06857751902234974
ck_daefe1e2d2bc362d,0.017166219995341233
ck_f01e94331067edf6,0.011533641179965047
ck_773efe58c6278c3c,0.04559845475807944
ck_f7a7f8f5903617c5,0.012914646883710645
ck_fe037765aa465c58,0.029649950697835516
ck_29f3a1737a2d9634,0.031664508758778305
ck_7825494e654d5695,0.03529029652839445
ck_325c7643cce02da3,0.02787979464173148
ck_01e0689157fe9617,0.018129887916251468
ck_7bbe1dc8add17ef0,0.016589938835811006
ck_e0ca2c819658f6b6,0.9865901722332521
ck_2d14bcd2e0fc043d,0.003184578321038127
ck_fac32d76ed40f683,0.016510725833428302
ck_50df50af592b0c06,0.010128451083833754
ck_23981a3261674131,0.012188428314046899
ck_3a4811dc4a1a891d,0.044934829876171194
ck_4874bdec79f9106c,0.02539483230840294
ck_fd84507228467b40,0.11738060743995718
ck_6a17384072f904c0,0.02151676222999856
ck_74991a9e85c3b07d,0.007979619725759812
ck_520ec32c4f253604,0.030537364798900977
ck_ed01be7504dc4187,0.08113495293941433
ck_c6fdb2972417c9bd,0.012287355347977766
ck_74a06f347b32347f,0.03508166409634343
ck_1e7de58822000dea,0.021510017477355998
ck_cbe716f351d660d4,0.00475897411076898
ck_7560f1891d66f294,0.020004692480748595
ck_45f4c821c70d134f,0.7236874601180043
ck_b1ff9edc51d42f97,0.013469993290943099
ck_114141d85256c9ff,0.012167301992910936
ck_d0e95b90ba86da10,0.015183402613555866
ck_252b0a0f1119b220,0.010298480333302485
ck_28dc0fdbaec00580,0.20134305053384183
ck_650020c500b1b50d,0.017022768472663895
ck_e77529651c416cf7,0.06119347662920747
ck_f0982bbdbd122f91,0.019028691021128197
ck_f439f16f8693883f,0.0434904188999132
ck_e30cb64302939f38,0.041776254783876296
ck_873ceb8004d3a9f7,0.09691265407928398
ck_db6d1c6d31da967a,0.012820479471194189
ck_8e7a32f7e3905f4e,0.024723325928840488
ck_2c91f62c05685ed7,0.021441484209083733
ck_7f79878197340435,0.015599969155934517
ck_23ff85f9d2355e8d,0.009060009744388739
ck_b138fc249e659e60,0.02391500784034975
ck_b911a09f328dfd4b,0.027305457311897274
ck_a2858979dd5645ef,0.00840626452260764
ck_f1f2c3c623553f0d,0.004513747648383887
ck_30f4b2ee8abe1342,0.03402336149872918
ck_6e8751b571ea54d1,0.023676160906842072
ck_e901dec0e09eccbb,0.02060776763180522
ck_10495d3a635b8d69,0.025413326643361392
ck_4f5d7985bcc2eda4,0.009926958311330732
ck_7df526b2b4410bb4,0.02992567309831269
ck_4e1757d1347ab387,0.9769341500358534
ck_79b8523137bb2603,0.028007751463737563
ck_891530b489ce402b,0.029616106451472873
ck_41b954c7a948c060,0.06328137571391058
ck_59a561f3df01441a,0.011628545080502465
ck_96e4d38ef670eaff,0.010003364750167653
ck_eef67f8dea702338,0.025837746803248702
ck_73e24f5a8da289b3,0.05473207214518967
ck_52cc2fd5095b169d,0.0053365272786691335
ck_dbb498b1a346a402,0.012490012067043567
ck_f253130dc3ca5b3c,0.009119735840614722
ck_942dbf632591b65d,0.03383027646151631
ck_ab4a8d02ec3c0fd7,0.01366113100727361
ck_7f780f465c29398e,0.016754578182010295
ck_adf84b9df54c3d80,0.032214379043664636
ck_1b1df006b81d38ba,0.015467306105225941
ck_3be72c9c178fa00d,0.013997521544537693
ck_ee387f9da79e67ea,0.04582179667744003
ck_731869a0c39cb2fe,0.0608734327132937
ck_f2b0e7a47f442557,0.27418052801090076
ck_4bc42878fa180991,0.041581749705724584
ck_5f3609511443e5a8,0.028423210842911533
ck_b354003302b272ca,0.008722700297673212
ck_1c771a7c78f6622c,0.09571238284844882
ck_466dc6274fecd708,0.013771689504175105
ck_89c74feeaffa7d09,0.01163481199207339
ck_1ccdc69d0bb712b4,0.017372196434156814
ck_b22e3337b8e3dbb2,0.003960079958343883
ck_79c7f0d29b1db1cd,0.08841777495464306
ck_84df6770549e43fa,0.018223824636163483
ck_3c6417a233c68c73,0.027400851129521626
ck_f7485cba392bc294,0.1854029065031631
ck_46bfb2cfc29a6d2e,0.09850922271288282
ck_e4cf189a8d31649a,0.008341820114563851
ck_770475876d0e7e6a,0.03992015757389481
ck_c2b61a98d1c8f6dd,0.0838576446280674
ck_8ae64df60ab6ccda,0.027360617981834555
ck_507e40760a24d2d5,0.033645122499592846
ck_a1e77090b1c6ccf4,0.07092918198888577
ck_09aadb4c41b166f1,0.048361148207990555
ck_604c17cb97dc89be,0.03444980356003659
ck_8d94fbb4828ef326,0.060080009111859935
ck_17c0a6a92b5765cf,0.009916118962602761
ck_ac79c72a8fe3fdef,0.025338233333797172
ck_b8cc2df5192bc49b,0.04911654024287348
ck_3132857aec8485bc,0.01630024694988703
ck_b6cb8d6ae828eed1,0.023418463272416108
ck_2f82ea66c4f53b33,0.13080501822378038
ck_1de43fd6c6c22a5f,0.09685372478974906
ck_0348cc6908f7f3af,0.008821818894221052
ck_6e676daa4855b58f,0.061785236199068
ck_2a37fef48b44e9c8,0.014598178775419414
ck_bfc2a57d8fd1610c,0.30530995110201714
ck_c1c7d4e62c9fcded,0.02189998618378894
ck_36e72ef9273e7a95,0.004883607824630931
ck_ebd178b3f3a9c50c,0.030000500599809448
ck_c89b9ca398402f1e,0.015887275372603257
ck_bba413492dc46f2a,0.02665174397297271
ck_e971faae8a10a260,0.03610916266903513
ck_7e6569a1b2455cb0,0.024429169345097975
ck_744ffc11d32b96bc,0.03046421380623645
ck_435cb24538c6f77c,0.04296084740866191
ck_411219470d0a195c,0.038160998096276426
ck_6f730b77dc6cdb84,0.11140810063994905
ck_aa4ba931dd37481d,0.02828817863585076
ck_aa59702537557ff1,0.2069424398116106
ck_c58d9151834f5bad,0.01869413662949903
ck_3a0e0200cbb185cb,0.1465869833604498
ck_c98b16f9a72a6568,0.022557943290104826
ck_e5cdbfcca2456652,0.055481474871788075
ck_ff45764ea7d6619f,0.01639125161944935
ck_6ec39903f765956d,0.03164780258714056
ck_9e17699baa83d173,0.03292500977379676
ck_1fc98436281ee39e,0.013966212419110993
ck_76ebeb5aee42f041,0.06029579286092199
ck_562320295fa35875,0.054436244551832415
ck_84c402b23766e1f2,0.026916398807405983
ck_8d0532d24f1070d1,0.00794498965718677
ck_32a495128395fde5,0.01823457401051432
ck_f067470743d3c7a2,0.04222575304367933
ck_28dde633692904b0,0.033776586914637995
ck_e61c8721e3ef1921,0.016096902734038993
ck_4e333c09f0c37dee,0.17569175704568485
ck_3d58628d1c853c8a,0.05849892594040815
ck_3265442528d51728,0.07029993798160304
ck_cb1c00c300af3f9e,0.10172834896839915
ck_7ae86b5a885affc3,0.03095155444300543
ck_a50370907e6b397c,0.03805010029834186
ck_df87d6f61a63eb21,0.046698829087151346
ck_85bf21aa1a00452f,0.0057167861688633805
ck_b9f1465d803e57b2,0.08958432660115329
ck_91c2a5fe69b9b1d1,0.19913252709295176
ck_f3199fbe84a28b9a,0.03723706743599366
ck_ec3eb6dd0967cac5,0.04187753062579836
ck_5124a2e415384945,0.13109904340611833
ck_073509af21dd7f5f,0.3196233779900137
ck_617b65141f546a1c,0.03077884145700525
ck_fa4b60387d744fc5,0.014582364033267379
ck_98068c397d70dd3a,0.0140159604622888
ck_aed2681e1646a0df,0.043248684518770036
ck_e98429675b46272b,0.008647629150979587
ck_b25657bd16739036,0.008876358388037898
ck_75217ee144b715f8,0.05061830145940032
ck_b359192aa659bdce,0.008502565422130655
ck_82181b935360dcbc,0.9648401079919819
ck_52c0ef68aa2fb8cf,0.016795527305381537
ck_06f042e9b1b662fd,0.02786609800142756
ck_c0b5cc3e8ad2ff44,0.13356149130817022
ck_368b968b5f33431e,0.02113812075169851
ck_6e44024e9de301c6,0.009596780269465846
ck_f5e02a3432571b20,0.052365740930173356
ck_bed0c020b10afa3b,0.009109807840575907
ck_7e63168dda612235,0.004513201097864305
ck_4c25570eb72711b8,0.018655944283832306
ck_58955542edee1adc,0.015201765931886633
ck_06d0e4a9189302a9,0.030073811652190547
ck_f1b80b821a20186d,0.04978185598632216
ck_b5c93e6d34f8d366,0.03154618181945122
ck_69587a134d43a4ad,0.04986197592065068
ck_70a932ab39d86a24,0.014975906793843662
ck_96100d5e8e051e91,0.06375157461030144
ck_b26e4ae47c9107ed,0.15030981122896475
ck_492e4b89c61b7b6c,0.010439822971483865
ck_36d78ff3bc033ee5,0.02439923899286969
ck_9c9884b9bcaa552e,0.17173353659623233
ck_cfb11a0a2325bff5,0.017824194648087856
ck_598e036a28262aeb,0.03225804166986481
ck_8176616132458c0f,0.048174393467777625
ck_4becdd3d2696c7ba,0.017800340613202452
ck_7333cedb61506ead,0.011326389040528793
ck_a69ca7b9d70972bb,0.011269607033018329
ck_e032068be7b77d15,0.012544862657140615
ck_02ec4e06709e6b82,0.02498504979962131
ck_13cd943777651aac,0.011521268726638126
ck_29640fc2fe81c251,0.07417778377012535
ck_00d1ebc31ec4653c,0.024425614991568353
ck_7c872c99481c1e9e,0.029945740117726213
ck_b1dba768dbe7affe,0.05159940367712952
ck_7c3a6a82f3c3241d,0.03512880752157177
ck_c924f36bc1bbbaa3,0.0387199570706588
ck_0a2b7078736b4dda,0.005188163299252321
ck_5b5dea6476d4e182,0.023794248231621275
ck_f271e855925e8d6b,0.24415237529578407
ck_97a8dac48dd62488,0.3577989342057779
ck_63133a79f23e2627,0.025380599794091095
ck_9b5ec0f78e160e65,0.028159582288404258
ck_7264486eb512d84a,0.09091303993404964
ck_a50621b5eeca84b4,0.006879937290510666
ck_901d820e0b72abae,0.02112956242235182
ck_9d1a5cf5a3b87e48,0.013210129208170536
ck_e291cc60920456d0,0.036219181846884566
ck_755010362a9b1bc4,0.010753608805378427
ck_8285bd3c90af94f6,0.012295866751502342
ck_a60388296a47062c,0.024248043572037734
ck_d3d5b2717cfc3913,0.020380239369601285
ck_18d214b1418be39d,0.006190175203243458
ck_6d64e1c07b19856e,0.008894840536803767
ck_0a993bc947bab61f,0.02879928051449078
ck_7501ebbf4e21f160,0.015828403809764042
ck_cba4162ef29a6d27,0.024552206684765435
ck_26bd0f8898afc8ba,0.017908648461329744
ck_0a0cd7f4be606a93,0.07011400334052866
ck_f2c7a4c50e2ede96,0.03539903871845394
ck_50d0bb7edd8c69c0,0.06199426156864941
ck_5791f8f76a629a4f,0.057204924542099
ck_0bf35dcf7b38f650,0.019929082670105548
ck_646dc03de4c31803,0.710311085538546
ck_d4007b5b26d9d854,0.013522201157905438
ck_943f66f28dd24750,0.01731947776903476
ck_984dd7452aee372d,0.03829418498295207
ck_ecaa6de0aca5e9a0,0.05608347476480397
ck_2225b555aa2a42ed,0.029968853896814727
ck_f11f7691af16ad07,0.02825857620007882
ck_57849e15b61c43b4,0.009311121714528817
ck_e6b95ff91116a592,0.007625347971329004
ck_184983177b73dea5,0.0231106166673047
ck_3bd12d468fdc2450,0.011156686584292958
ck_08c7bb0f9851cb76,0.043209096599854835
ck_779581adb573261f,0.04056578202727079
ck_02d4cef6358ad3b7,0.021762595225381952
ck_a60a61ac829252a0,0.016520616047143992
ck_942b95988a6245a6,0.029332245564345598
ck_6ea70950c1cae00b,0.8630101726955425
ck_f823407ace7ff064,0.025657198252143236
ck_7c418947124dee8f,0.06373353304612457
ck_bb0713a2a1d65982,0.036104634800207175
ck_a85182ad90b6f1e1,0.017911005719816606
ck_e267999226b6321b,0.01447904516767351
ck_4ba8bec14c2217e1,0.004294093212234919
ck_174be2231c5fd2b6,0.012395911553722001
ck_610815786d729d2f,0.0671059135623876
ck_e9b75ed7567a3f23,0.024407970379188394
ck_7c5529bcc079600b,0.017430725259072428
ck_5d16e257c0635f7e,0.3799588748375552
ck_c830f3830875b47a,0.038226024335966516
ck_2caf553b31831a50,0.011756406563828965
ck_90696b7182dd9129,0.014513506308676573
ck_38e4a74ab256e2eb,0.01697732674530657
ck_cdcf6671b37c9c92,0.006246133362969535
ck_f0c18cb9f951a71e,0.033339331673433024
ck_d61d97b21002f3e9,0.08657883429569144
ck_cd09375e6c81d2c4,0.016350131298504232
ck_a79a27767a02e31f,0.028257940243697797
ck_0943e0f305078e34,0.9730267119133117
ck_fe3b67041dad2dd1,0.013289927916733285
ck_3420f2fd520890f3,0.10480335820589286
ck_3e91dcc209431984,0.020193733713913115
ck_e4d6dedd97233c07,0.01575552105533839
ck_19db0bf788697c2b,0.018461342314249184
ck_4221e07b17388fd3,0.05618437852962834
ck_5e8e857b63966609,0.23131934361077242
ck_c8806749e263f70b,0.008683310657265146
ck_233a487d31c3e631,0.9918080159529452
ck_e2a2ce9b8cf44c63,0.018696320558322193
ck_e6c8611c0cf233d7,0.02593672601138043
ck_4fecb87eaffd5cb5,0.013376355251849398
ck_f91d48c40337d375,0.040137597454742456
ck_79c30169c71b8033,0.9192319097175689
ck_b0ed11080076e381,0.010391808023442287
ck_bd2545c62f258231,0.06341533191497079
ck_d69de468b44143ca,0.007821749258865791
ck_55fc62a5f89a7251,0.01794131610470884
ck_c16ab1e4dafb4910,0.1006634187467842
ck_069d158665a53909,0.015358098457769106
ck_ee4ff3aeadf912c1,0.040201806030486315
ck_ecb1e15f0b185ceb,0.023676383529390565
ck_e76db7d2562f9836,0.024296330464674554
ck_d1d079913aa158bf,0.030740514436829933
ck_2cb763a881aee27f,0.004407508119920174
ck_19becd44f2c3d2b5,0.02391707518596984
ck_5e20953547ba4135,0.13628986335411822
ck_f04761b4a937ac3b,0.020194195411741566
ck_7d0fe77dd5ddb656,0.14869487769733047
ck_78f01d78ea79642f,0.013839159321767007
ck_ad54292a0b2f44ef,0.0064869291732463415
ck_66bed631354de5b7,0.011962059493800295
ck_417090dbffb1a63c,0.05316707219347035
ck_d0935b571a4a3868,0.013483764944102906
ck_dd0e17605f970319,0.029641155420302493
ck_2dc31db181150e20,0.008660606826945666
ck_b568ba3837afb39a,0.005674260597618554
ck_8de69cd219d3b87f,0.21220093830873013
ck_3d4913a86f207fee,0.06365830218984429
ck_ee949c71f4f702eb,0.8712775835179152
ck_01645ea51972e99a,0.04331665118860922
ck_a60c618b7f0e4252,0.006735700320268742
ck_3837ad850996ba60,0.02766263520733599
ck_a524071c51ddde20,0.01372449264030378
ck_0af57ebaa45877a1,0.003030268994564389
ck_a7cf6c3b322f6b7a,0.025293513133024855
ck_ce0ec41f96951048,0.01720662768303194
ck_5c3a671883d58b3f,0.007819029183495793
ck_7905fe8e257b0449,0.14443080212286213
ck_da6d1e5cf6aba6fd,0.015563001486178696
ck_6b67fe8e310ab865,0.04098212819661102
ck_cbaf8a954281d4e3,0.9652707649012082
ck_ed26d906883bea0a,0.03942573830279249
ck_b621b6ffcc7f4848,0.05317159214250298
ck_ef6f8e048ae1bd4b,0.00536966143034164
ck_2a09d142de1c77ff,0.013248523612093601
ck_c340644176ca03e7,0.019691063640198184
ck_bea2cf7a6b7bb900,0.015572258700010801
ck_1f136a4476b5e775,0.018284950435159365
ck_3759939a0205306d,0.03291922242062216
ck_ee13c091bc379188,0.028240897322307664
ck_d58e058b5c553dd5,0.015535340447869517
ck_396e9ea9a6c6d7d9,0.09510709733149482
ck_402db4184982fdf5,0.02706755209211616
ck_a037aff5f8128c73,0.002781156293813371
ck_8f6cce9f69912983,0.03713668439065577
ck_8758fc6622bbb7df,0.01284747222419251
ck_6ca018259f70858f,0.014000556941278828
ck_63379e3c9fe6f711,0.043676794969249234
ck_5aadd286d188f5c3,0.004988924556909786
ck_e69d27e8965df0be,0.008020671283711773
ck_c67f7944896a0310,0.04339057861084316
ck_565e3418d2f4061c,0.011142191065885813
ck_58eb871e8d7bed52,0.14159555472227214
ck_d5f5b0dc97b9dc27,0.123094451153023
ck_87abe9cd066a20fb,0.09838556357376793
ck_ff7e31ff8ba731e5,0.01651229235577168
ck_f73273e220296be8,0.011376305681697079
ck_73f4eb09af29b1c0,0.06240224863495878
ck_49dd816b31fba6b6,0.09906670942003569
ck_bdd2da300b530c5a,0.012471273547311323
ck_8a4952de8a123ef8,0.06016350535647378
ck_49170c4b31a20f5c,0.007651248867603766
ck_2b7cadbc8b180d32,0.44886196465988376
ck_eb1006e7285184a6,0.025032812555534616
ck_646d8d0834782d6a,0.16501141254677906
ck_1b823610371a29c0,0.013072901168440126
ck_8dde670a735d1e90,0.060914087634196715
ck_37899b1b571b1c6b,0.009080825079091817
ck_82a8bdd2692c2a5e,0.009239685249786916
ck_5c67f27816ae0b6f,0.026145555019390896
ck_fb6e06ca88519dcd,0.015435895522882008
ck_f2c33d5b65b321db,0.012164592715537213
ck_ca1f6f01868e978f,0.031361042658462124
ck_22bfb9246646eb41,0.12430887977674539
ck_7cd9f39c50748ed0,0.007490208334212312
ck_62fd7eb46bee9210,0.03994372682280307
ck_c3c19d6a0720915c,0.012733562082896315
ck_7cd0634a6e60af83,0.007301421495711614
ck_2733fc6ba23ae46e,0.03196405688404398
ck_82f3f744209888ac,0.03048762973507311
ck_66eb09be007f0755,0.014661957430927974
ck_7f8e816ca51755e3,0.7198105986454454
ck_4185506d12cf9fa0,0.015217346667933894
ck_2659d1d3762a2825,0.014450847909261336
ck_df4424f6dd85080d,0.04407903933103861
ck_5e9e149a3b69c726,0.028056689972096104
ck_8288f7f226e08b89,0.019974344507076747
ck_a7285955e2852686,0.023111437098378124
ck_d099fca88691f66f,0.07053445747853708
ck_166bd1dcbaf4d6fa,0.009020770971252784
ck_fa5830d81bc8ddc1,0.021462570356992554
ck_18e2076397bcc211,0.03539096917231953
ck_f7285b92648c1c81,0.030268911747617377
ck_ff42557857ae3aeb,0.016978538384788355
ck_7956c251b85f009e,0.3002314027326687
ck_c2d3ecd7278eba2c,0.020420532905603597
ck_fa00aa0f3e859904,0.03717465356552137
ck_0063d2a9507467e5,0.011422665416021145
ck_26e9a7bb2061a58e,0.022471835530463596
ck_d7607a213b800bfb,0.03829771329654636
ck_266ce7ccf41ccc50,0.01650612441806849
ck_8e16a64a776afa82,0.44035177346950455
ck_f7fc1bd0b9ab1fa4,0.01590509216158388
ck_a4fa8833995c716a,0.04238622526151058
ck_ab640420858ab5c4,0.06145498879758752
ck_5923f53b77193a58,0.14986647373426518
ck_d1bbfd246c0ac9d5,0.2747489975376465
ck_e007aedbf37d6ec7,0.00610647767333101
ck_9645e7adc08631b5,0.04380743546688108
ck_57bbb19eecb4b87c,0.013777739601162357
ck_96953b8945b7d403,0.019772277810700296
ck_1078b1e155b5b640,0.014982023657659526
ck_ee53ce862bc9c111,0.009537803058730353
ck_ba6e1115fceaa067,0.049650708040915904
ck_78181f8e998e442f,0.029034914071843845
ck_016e8c8eaf9d511b,0.0586291194172216
ck_e2aa7be60794593d,0.0794474667550626
ck_ae8e5dc4b725bc25,0.023867803932688624
ck_fc7935f784a4f249,0.008612045117012926
ck_05d44eb1f5f085ce,0.019862328885481718
ck_49886ff1e2c759d6,0.03604601039343384
ck_d87ab3261322216a,0.0071051096926825225
ck_0ac9848bd4ba0c14,0.012951610233094558
ck_d115ac6b9fd62a7e,0.008121408806768317
ck_bdcf049c1e7d0c95,0.04306486933157111
ck_7743c9fe037d1f9e,0.04752481152489344
ck_37143d9cc296e6fa,0.012933232414674872
ck_2f138fce1171e277,0.0028475508985351433
ck_61fa051192f3e810,0.03292908730966295
ck_417a3500b2c717b3,0.06843388002148214
ck_9473ea4a01c95f9a,0.05175648513661846
ck_de5eaa2cdbcb67ff,0.08795710440840837
ck_986e4e61440506d0,0.047443412929766726
ck_d3877e1f907cc148,0.04760686773411813
ck_2468a7e9e68a0927,0.011544688953364796
ck_c3ff6790cc6d7e34,0.037455643545210734
ck_bd85f30c36f5998d,0.044046104893129656
ck_90bf017cdd37b66e,0.03478791173852386
ck_448456f96788713b,0.0356166491061733
ck_455672e652fe1abc,0.8924677999495824
ck_142dba210ed2f3b5,0.04763327530001619
ck_895bb39d24bc1c4c,0.011269856799475255
ck_21ed2ea6386c5a07,0.01588053469817142
ck_61c74163eb36556e,0.016457209214079487
ck_7e2ae8b69ebd5675,0.008576552657200436
ck_9b71274ff83de482,0.9473196450954102
ck_748af92828c9d288,0.009906546822437176
ck_6276ece8f80ea799,0.03296734654397377
ck_f4a6a7cadd6e0603,0.1296108315080694
ck_33ad8d53394ba77a,0.1889656246909096
ck_f65e5ff7da565f91,0.041908460845582696
ck_49969a9abc47cb69,0.02625634858687597
ck_f1e0a006068aff29,0.01652259219362158
ck_72b86e4485da2d0f,0.9903382610319462
ck_0789ff4562202b20,0.008362159560075928
ck_bff090cb4ab76b9f,0.16819488428024146
ck_15de11438732bb05,0.012066353620114748
ck_9c9287cb28950eb6,0.03611566855762655
ck_d11d27de7bf0b973,0.0353119363596843
ck_7f08078908599bd2,0.21989153235390646
ck_c1d1a625b885a975,0.016702184082568634
ck_2987eab34ca7805d,0.03232129684498033
ck_c2ed04a9d218410b,0.00798794985583443
ck_73d3e8c6077f61e6,0.19516743536930656
ck_9a15fdefc47e8d11,0.06576228088561396
ck_f738b633b8862d18,0.012684840733877269
ck_56eed7041add49a1,0.304670493617498
ck_3fe86b6331ff95e3,0.02769078616408284
ck_34a69b3b4a681796,0.23089808987785126
ck_97d04a67a104af39,0.04022214344465418
ck_833a65b86a5d9bda,0.018932643053636913
ck_34dfb57e5bf31d2f,0.0766170248196904
ck_ba7e347251ea399b,0.03126696639325765
ck_31d4c0518e5f52c6,0.03491109375836361
ck_6f04d047d1dde75e,0.003988718005026379
ck_82b5b79ce3517102,0.8051602878574702
ck_80dfa54b30f65fff,0.7676077109164697
ck_3d7b1078e2d57c69,0.0047601381860406375
ck_dae09c4e074af5dd,0.25809715892367274
ck_4ceb43ccd0a81c2f,0.020154865634364767
ck_0cff8153881875ba,0.06639953826926953
ck_439cf7d51ec7de0f,0.015397561505498111
ck_165a868bdef28ad3,0.02174930427542862
ck_3174419a81e7caf2,0.014424122446227126
ck_0c3dd22587b08018,0.01997490788169386
ck_88774ae52e30e877,0.011268789564933431
ck_c24f61925dc158d5,0.05923819933277827
ck_c543d82e22b3c8a5,0.008895317119663263
ck_c78c096ca8cb33ac,0.02871045826718197
ck_385188ab27784fe3,0.07602927352686173
ck_9947a323bab5cacd,0.1571129737230112
ck_86d7127391d4e01f,0.015510283661952895
ck_a1484e6215fac651,0.472623082804603
ck_d4fd0e438c97e0c7,0.08161332053461873
ck_ac7fe1c344190c50,0.013868498749418269
ck_e7a6b925c8f39a85,0.09704601091139275
ck_38ee42f15a573e81,0.011831707980482447
ck_01fbafc42c8e33f5,0.016788896035346352
ck_d3137f0f7629040b,0.011443204960855005
ck_73a7794b659d7a34,0.034229093092023405
ck_c86520a00e50a926,0.021659318637322855
ck_7f6fa79c7a107161,0.013231619800013202
ck_643abfbd7548d0c9,0.06770539750182317
ck_1b0434f096795328,0.02859902002752688
ck_e527fbb9450a4581,0.6633746970135739
ck_35bee1fc12664644,0.09163224335938437
ck_9e21ea33018ce538,0.014684319605104296
ck_0b34197335ba3341,0.02506368160687201
ck_a432b1bf1d3b3d5e,0.31363547318032287
ck_35c93b2924900376,0.010982723165918236
ck_6430a8792f400e0a,0.016330067108064384
ck_7ef666d67bc70223,0.020217213575234424
ck_a3acf4b986afa98b,0.06940262968045674
ck_5d1e25d7acc5af9a,0.004634932105650575
ck_d3885e286b3b11d2,0.030178627886861847
ck_e7f61b4a39ba98ac,0.014196265412054432
ck_c9690baddfc4177e,0.02337010732796698
ck_59fae092fb0c4aa3,0.024667356056539868
ck_11960b5f1c7a5e2c,0.008168234111271525
ck_4b9dd69946438d0b,0.031806206773993644
ck_a2cc3910a641a808,0.23688987889551624
ck_018f780215ecaf38,0.017279151213119754
ck_baba5d66def0d770,0.04336485538288144
ck_cb1bd7635968ed8c,0.12568834174201207
ck_5a17c89219d1d9fe,0.03513625724052575
ck_3efb0e9bf25612c7,0.015209711299251668
ck_66f94903177f20eb,0.0068687737101414004
ck_295565fbf77ef885,0.0275121881676143
ck_0fb3153d37626b75,0.03967731260600566
ck_25fc3010e8a0f6d7,0.06282046066223974
ck_879cc3166fe1bada,0.06997017708341846
ck_a5e036327d3d1862,0.009616060942568028
ck_1694c28f44480e98,0.09876679492636448
ck_c6cb651149dc9a8a,0.024051595955068446
ck_c5b583490198672d,0.010894618681886138
ck_1b96d9af0d7da2d5,0.04005872222724092
ck_0a8029e79a5ae7ce,0.020559641284835263
ck_c77e22834ef97005,0.556791568159777
ck_d8ddf5e99f7859e4,0.03125650144735581
ck_91742711dfdffd56,0.02507146301796833
ck_95b894380ad2702a,0.016584973533206145
ck_277621473369614f,0.9936532032712266
ck_5cb9d7b2329d5ab6,0.01437621514772962
ck_67025c64588abd1e,0.030329201778644697
ck_fef850553862aaca,0.01586706546368551
ck_7929284327667791,0.1086001598087705
ck_319b059bb2145586,0.06976706419899005
ck_c190c7b924edba75,0.05366237761411176
ck_57b657aba4daffde,0.07559714501254901
ck_55d7217b0aff9fa2,0.05243018967570558
ck_1dade5592f90a15c,0.029065512998317
ck_8f346b72fb40bf14,0.02027405818047216
ck_cfadd21458230ef7,0.0349581977490814
ck_793048d11fb8b328,0.06158734305141445
ck_70b9b79ea1aacba8,0.03187996789050204
ck_c54c5d8e4433b0f2,0.012207319416775213
ck_50422466f145bfd7,0.027389212472820418
ck_a3564236069e3524,0.037042184729100966
ck_ef059997563e3330,0.014605930322147893
ck_e14892e424180549,0.045775658780875875
ck_9f5f81d771146aa1,0.004850775774192081
ck_3a469039a5b9d963,0.008069282994676455
ck_63601a58a6120d8a,0.02289853411531344
ck_9323e6fc1e168eda,0.23346299646427895
ck_bed8a480e27e911e,0.025641128468140005
ck_ddd6625c5eddad70,0.008099092761279693
ck_5d22e9ca1d15180b,0.03866944969488599
ck_cf36d8b070ded782,0.019400872490521283
ck_fd5609bd23a1eaf8,0.004602495125607711
ck_1982d571cd36eb0c,0.01814674874732794
ck_c021495606b4735e,0.006167362288101428
ck_1fc03ba33edd9e67,0.021472480345518873
ck_67e075c982add719,0.015231842534903905
ck_9040edd974ef8e3f,0.4859548659110085
ck_c3fe0c6c5e1f40f6,0.031128424292122054
ck_767947540b234add,0.019030065159632188
ck_e8298ff2dc1e9d50,0.005542902687564526
ck_becb6e1c608e0078,0.019484260534994354
ck_3ce7cad1f69b71d6,0.019835521641563558
ck_ed0e776c0926ce67,0.019047961839940276
ck_14f0484b3817eda5,0.019880153054282906
ck_e2a1068c2fa22525,0.01958237854214443
ck_eb224c0fd146253f,0.059531882521403845
ck_f92e04024bf13558,0.028629711880937273
ck_a9161cf1ca22a6bf,0.01031062337797312
ck_1a46b56f4734d52e,0.02606223674253893
ck_cd655202db489010,0.010538159129768037
ck_a980b296c95153f9,0.007931371791022192
ck_beaacb4a783db21f,0.024535145940722727
ck_03009b721568ee98,0.05148149971457005
ck_37ad3a65db673e70,0.13854635933788567
ck_071ddaaf2e4e3671,0.013976836986402433
ck_019d5891103e7da3,0.12201756257166013
ck_1a065ea906ae3d6a,0.02346552097905513
ck_6f2f0396e5b1c538,0.9894935490448193
ck_055fb9f2e1c8c934,0.04999910540058634
ck_6fd8c86ac719d7eb,0.13893773718396027
ck_920bb003b42e6310,0.007018495866300772
ck_8beae3d7328fa41a,0.03750656491662599
ck_910205d25388a0ae,0.003987460023904946
ck_007337aa99a4891e,0.006384615929432157
ck_5df6529ce8290906,0.00623058792644339
ck_35f8656bf93e3b3d,0.00890258687759964
ck_0a2f8b2f8a5b6f02,0.009947402755068124
ck_fab4f2f8531b4827,0.05056303361182123
ck_7c4e588f927c27c8,0.014952454462945597
ck_7cdec61e1c488798,0.02951390192810528
ck_19468fe07e26f992,0.923037318038159
ck_d021fd497ea35fb2,0.020360734498389113
ck_1b52590757c0fbeb,0.01943899537321801
ck_074be35c951ae10a,0.015187425403753152
ck_38e46bc861e0165b,0.019597988341789406
ck_201687857ec8b3cc,0.031934032833417676
ck_bebea2cf3063fb24,0.007779144308547609
ck_dfadff70a58a9133,0.012543452709605269
ck_d0c9633fed57c344,0.281028919940498
ck_3303fd3f64632c7c,0.11499754500920578
ck_9d4fed252718f58a,0.019110444015784617
ck_65ad9b15979e3247,0.01638658041228742
ck_93892e91387f5103,0.10476236897950977
ck_6f81c199e986d9fc,0.0073919208518446935
ck_bbe1a2ea5a403ad8,0.07249205397762211
ck_a89b66665714058f,0.019321299494268952
ck_0e9b982afc88a3a9,0.9652190446911453
ck_f14dce41036486a3,0.981145107355856
ck_5d7ae0e3562e99bf,0.21202527018478887
ck_d263b55f0a681cce,0.033254462475558064
ck_a443d49c2b4863b0,0.013328883433128227
ck_2baf214ad6bc0dbf,0.06014704481016488
ck_3ef7a03ebb81cfe3,0.008808645591376972
ck_95790440bc4bd2d0,0.016289326240739324
ck_841f598bbd54c83f,0.05532562408907454
ck_a7bc323ffed2ea97,0.36946345752027027
ck_f5100511609b92c0,0.01599734380304597
ck_2a07c7021b71cf65,0.04042906957041765
ck_44b9125526acb05d,0.012423094574419464
ck_c2b4a1d8c0b6c1cd,0.009327230066456745
ck_29c11bd68858e923,0.020127508597752156
ck_ace3b96c977a7560,0.14097048208779428
ck_e3d4b6f681c783ab,0.02936405846599612
ck_918c92182b6817cd,0.021490588795025464
ck_d66952b03591bdec,0.0584693369650282
ck_7a58e0cc9943c39a,0.04581385038575516
ck_cdd2ebeec75bfa69,0.03492944032616682
ck_38703b7546d35a80,0.0067576470345544724
ck_b60fb9a10d6f4489,0.030472467665696917
ck_bdf837d761a7cec2,0.19327739998109528
ck_4760216154c8cac2,0.17132226466210412
ck_b694c803b62862b3,0.00416382795963653
ck_d7877684c7923ec3,0.023917900468929432
ck_7384d4d2406aabf4,0.007458127527182362
ck_0c2932cc0d553694,0.01890801070327789
ck_bb41a66e3d90263b,0.15260614487780683
ck_5245cbc5ff4d4fa6,0.020726124725023415
ck_4df2fb8e4b649e27,0.03487874501224309
ck_bc6f07b06aaa4ce3,0.16811551569346014
ck_25a1ea40b2d59254,0.01590708529069583
ck_af65eb885a51048d,0.0263734572897878
ck_7a3f2961e9a8b6dc,0.08614758684170103
ck_a9f700eee5d638df,0.04432851618887577
ck_5e18870d8e30e379,0.009467366535689107
ck_e9047964952bee70,0.031549340509794244
ck_49c3bf13dc9471ce,0.014629775955299386
ck_4f63d5245b3ac1dd,0.031181556124061757
ck_291bffc7809f896a,0.016810350201368434
ck_9b5e7fe28208f5d1,0.009041312348031122
ck_8f21f2690c32c691,0.03571195001062391
ck_729cc0b46cc2e546,0.3012632174422322
ck_ee4d9a7449515908,0.05106819627106174
ck_2c629c657f73941f,0.14906327826833074
ck_e4df7faacdfe8c40,0.020317052021966996
ck_ddc865af1dd5670e,0.022987998776277527
ck_e52cbcd9aafd26b2,0.003958769612712235
ck_0ac9114076f5bf3d,0.011921988903580559
ck_7661d7ceaeb19f97,0.007806588697859837
ck_028c41b195280980,0.016283996318856075
ck_dcc125b178b79566,0.004586854705594593
ck_1f517e0ebf397b51,0.055973200766999444
ck_2c80a592fb4cd6a3,0.03479532806721075
ck_391639c0f13932f3,0.009766200906606931
ck_c36ed9f8e6792ea4,0.008503724627293112
ck_3689fa41748a6f6b,0.20637195390651242
ck_555848d51f4b5f35,0.01958931788434367
ck_27e4de495abb4d15,0.023295245378481877
ck_054ed4288ee58d6e,0.06297030042763248
ck_1422a7bf7756294d,0.9596070194650992
ck_27acc9f320cda104,0.2792440265335155
ck_9c4886c5c90ddbdc,0.07102837922473848
ck_5efbea1befdefe1b,0.3587583647881967
ck_2f9fa0d61829f815,0.017216932386795655
ck_798ba4b8aa544fea,0.011136733759924196
ck_54e581f71be5430d,0.007683365251847265
ck_5b82c774df10d49b,0.01930851125244769
ck_01d840cffb870615,0.09116090502414104
ck_3a8ce1cc724229b8,0.006743749483500294
ck_8f43459991ea511f,0.015467699509501158
ck_f878b68d66fbfd4b,0.025500917747337357
ck_e84abfc0c747c9dd,0.8139395422554636
ck_083e4ac78685c3bb,0.023069544338819897
ck_fd242b18575e3063,0.0446900170848412
ck_b150fe4efb449b05,0.03168997528455753
ck_5e84bca0e362da20,0.028037822900011493
ck_95188150ff059c70,0.042978564544532145
ck_c20638a325ead2e4,0.04756489259352817
ck_dfd3dbd0d97a642b,0.019565609571048505
ck_5fdf8a0bdbd3ed62,0.01064633859420538
ck_d6df562a79b9d0d9,0.02004471143727352
ck_28c53b214b2ee882,0.26112505848655454
ck_aa2b4c662ff213b6,0.027435352125676472
ck_5a6593d954085775,0.020817774034135948
ck_558cfe5f77a55a9d,0.009830748557187803
ck_c7ae1d4b3ab38185,0.019189825317963823
ck_0fd826fad7ec7cd6,0.026717489614107616
ck_ad6d48c20a3688a7,0.044762786126382736
ck_123c15d93f1840f2,0.11832361557758193
ck_a75ece9a9044eed0,0.00838926035394206
ck_403da2a2d800df9f,0.19725866766290845
ck_7fd8b1470401695f,0.40733535818267613
ck_cfb06f07394dfe64,0.013897603363159745
ck_aa01d5aafde73d0a,0.01754207948710972
ck_dcf851e7bb5855d0,0.006800031293814425
ck_2fa8f2577116e9ca,0.06392462344827986
ck_57deb202d4188a29,0.006167345932262596
ck_a95afc7a00303a26,0.029891608194487884
ck_1f871df76c6a995b,0.027890089509037493
ck_1a6b30320835e57e,0.01788761896193965
ck_73c5371635aca173,0.48420791865798346
ck_1a9235812de4b2c1,0.03944377363637387
ck_ec26e327cc1848b2,0.01418342406582829
ck_0742fe64055d686f,0.015162529012446612
ck_076cbc25c8f15fc3,0.9507831166333742
ck_ada46085a78280e4,0.030584006487852502
ck_0aaaa9d2f75a0518,0.1962235503050019
ck_4ff6fc70bccfba96,0.02303491695483263
ck_a6fc92aa91e99b77,0.8529437853546364
ck_6031211ff118cf0f,0.02544198225830945
ck_920a48ba8c583e96,0.007301207944739606
ck_098167eaf124c279,0.02879615091090658
ck_91a0ca45f429568d,0.019507694301607186
ck_e077d004cd1d80ae,0.02022959560420738
ck_20a7d1ce6cc27312,0.012601458303198379
ck_8d27ff8383d48132,0.012531079452454769
ck_c47e32c47f0e6578,0.1174623202405604
ck_9d7151dbdf100e0e,0.08984127676846705
ck_5dd80b3c01457bd8,0.01596695924215971
ck_8594f165e95316d2,0.01161405308781853
ck_a58e900469dfc3f0,0.037221628471541444
ck_f5178a658225d8e4,0.033006635745502534
ck_f5dde68f6f0468e1,0.011242214955095677
ck_a8a2e296f9804bd7,0.016263521577820565
ck_463937167965a1f8,0.02898074810190988
ck_12a074db100481cf,0.06407935865403627
ck_88e3dd3039508332,0.015979168470287637
ck_9cdfaa1c30cc9d32,0.010355985464458579
ck_4e0e80f5cc271bf7,0.00866376877783718
ck_af69bfcf4f07d932,0.017927582242585838
ck_5a4d19f1b83feeb8,0.015701670009428757
ck_eaec5f1a83b66eb0,0.025490485938397176
ck_2c4be237a7ed79c7,0.021770699382157744
ck_e16528edc694fb33,0.9425680353572026
ck_3c177f5970b68bd3,0.027082222896342392
ck_ad7c256ea10c4a00,0.2398453483409066
ck_012519bb095ad36b,0.9947305389745663
ck_0ed2739384f1d644,0.01369481021371378
ck_48446a9e8184c7d4,0.01187200999988757
ck_31e1ede23247d56b,0.04258071576307133
ck_40052cac10562cde,0.017702143414793897
ck_3267fe3aac05c71e,0.1315470332386276
ck_c3db1b3ad4f16679,0.004052429106729142
ck_1b74b798eebeabdc,0.019139351256165633
ck_510e7c5df1f95d90,0.9923079112106471
ck_948517bad569b40f,0.046793175687068075
ck_b16a7c51b6f7a6b1,0.5628760951663098
ck_b53ea8713d32ca7c,0.012611591422284907
ck_11bf1039f8b3025b,0.07410880634118272
ck_4b088920f3a844c1,0.06389618293102231
ck_c2015a1200971fe9,0.053954373751728874
ck_f5a32e6160b28379,0.0596608075452446
ck_b0b5bf9254700402,0.13587858297559444
ck_eeca179341d56f8a,0.5939207591959775
ck_d94dfde9e03c9d1a,0.01338978675256487
ck_938ce30c864bc7df,0.031113692881724296
ck_66d38518f68e6194,0.02284757506237684
ck_115d86fabde77b65,0.015419291821991981
ck_9e109edd124492a5,0.052643440439259816
ck_f29471fe7c818d6a,0.055067240165874394
ck_a27bc31eecd9cb9a,0.04908536842820051
ck_ed4427962c68918c,0.956356161594055
ck_7b55d9bb1a250d4f,0.02746535988886735
ck_461e3f7b97db8d16,0.053104259231087574
ck_2ee84f3fa27f2cb8,0.014959521929395647
ck_bdee7c86f5ebe81f,0.020709868612925127
ck_719602def4d35fe0,0.029367562369484065
ck_87c26b2f41025109,0.9775938512255667
ck_c7baebe4549fdbb4,0.06712381763474093
ck_6f847263379f2e43,0.04108139203867907
ck_95391029a21caa24,0.04792184675421226
ck_97402a153348e68f,0.014186854359513688
ck_f1acf73363925958,0.0487542869674609
ck_041614694b77e599,0.013644438723614509
ck_a7b57882ab66b111,0.010153951337230243
ck_71a0d645744302a3,0.08721808465623336
ck_bfc453eabb472f91,0.019154764945244648
ck_c33a762d98f9b290,0.018852648887215762
ck_9e75c6641939f4fc,0.03923371596028781
ck_d17653a4a2d4a79e,0.027404055473203872
ck_df20cc23b8fb8e22,0.028666955298717905
ck_62720b81617896cc,0.012737813147320035
ck_d6d2c1f6dfc455b6,0.10069186930004519
ck_a0b4209feb31f5c0,0.9949434224237318
ck_779cc0f2de4d5488,0.05503325251102378
ck_3152c7115257f084,0.005649365738597941
ck_a28d6b1601b472a6,0.03340261270990831
ck_761989aa4c47d746,0.019631239998941643
ck_97e3b04a1350f6e4,0.04713633357808242
ck_397d5fcc9972f909,0.03663723747109967
ck_bae8dae7cfd8baba,0.023744275654100526
ck_04e32ee9834c088d,0.08223484369419652
ck_bba0ccc6cd968680,0.0208233750073388
ck_1b34c420a4c85a95,0.009116455416397214
ck_a1201284122c141f,0.05711619997648525
ck_5ac335f02280271e,0.1999266390974202
ck_dd882323474431d4,0.031356716864378825
ck_f9604adde929beff,0.08713760942992753
ck_44211dc210139ed3,0.10763486634726961
ck_e5e5dc431bed6f9d,0.011800579407987071
ck_17d3022ca12eacd7,0.006802049987381788
ck_209f574c8d92274e,0.012276669740266564
ck_9fcde1ff46cbbea5,0.014212330738172055
ck_58fd684aa5a6f289,0.005160769894758977
ck_e96a5e1f08f8a867,0.018139375005578766
ck_90456160115f9ef4,0.07385195807305422
ck_70a60e095e9b706f,0.01623393583999641
ck_2d46291975f0dd08,0.035385731319461884
ck_f2734417c0db4ee3,0.01627059201035854
ck_651e076ee43aea85,0.02091123905196917
ck_74d602c907ee9119,0.013709289886257718
ck_4c99a6eadea143e2,0.06039901484464498
ck_8395f004cf4d4c08,0.01201905577604018
ck_3938e92585df2b34,0.017365833990568635
ck_bc32655ee5ed643e,0.029798704224039466
ck_ced9163ea85589ea,0.035081859122601484
ck_9111e3a04b14dfba,0.016574687625972168
ck_791be3378dd7d64c,0.01735643738243784
ck_7cb0c9ded4d63027,0.04049899598651017
ck_0db62d5f7f75f80f,0.03020422627484327
ck_1723900ab9afe374,0.0635331932603456
ck_54459b45d2be8459,0.004413074337012463
ck_a0543e9b3abe1001,0.02338054919006065
ck_08dba09fd7dab896,0.04283539866539316
ck_b9eaf03453ac7d5f,0.0052577518914335595
ck_298922703c5bbe05,0.04840149220694957
ck_e662b14b2bab23a2,0.14524779190196183
ck_4a691892d9d6cf89,0.007793697724751301
ck_056d5f0301c30902,0.05321247728975044
ck_7cdce37d895eefb8,0.01341642194283645
ck_c0b8067c144ed6c1,0.00905495560038297
ck_856ea65fa27d06dd,0.026266253765987704
ck_55d0c7012d7ef236,0.03173709045158788
ck_9bedf54df9418e4a,0.005937651913090938
ck_00f9ca84d1d8ae7a,0.011026445771038208
ck_420d1a9c604293ce,0.01422674781131208
ck_9874ad160efddf50,0.01292316507314102
ck_f4f6f0caaab70040,0.03231141206155952
ck_a26704b5b26258b7,0.012854409613187926
ck_edccb5a93b741744,0.007000978205804132
ck_a5f7b6fed6df2aba,0.028569072497935253
ck_ced6b6dcdc7c201a,0.019394976958726558
ck_77549c1a41f837c3,0.012421228670586012
ck_aa5f3ab48c17fed8,0.15280996459585225
ck_2a5a4c18c2c7274b,0.01023430672414023
ck_e05d44e46c7174e6,0.015784347300396875
ck_0084d8ab6b1044f3,0.020735971498210774
ck_42633573639a3f02,0.9594013945286922
ck_0fc1086e1c9e04b6,0.007458865368686991
ck_0e6bebf8ae9b9b03,0.017438580212484216
ck_f158d9e5f101bb35,0.030657210587950012
ck_e107537a4cb738f4,0.010391808023442287
ck_ce1b06623e4a815e,0.02083073837300391
ck_2f4f94827984c426,0.00923893339941376
ck_e8ea56e122a5a487,0.024012329084210516
ck_2d7394afd61643d0,0.022966227769711963
ck_8dacf3a2061ca17d,0.055354365849028656
ck_315fb710a0e371e7,0.005932463496305649
ck_cdd7c77823c2257f,0.08040711920205917
ck_e9287b6d909d731f,0.006086867605257779
ck_d12d2924d0f7a64a,0.005961263180719301
ck_0dda35c0c64c7073,0.9847211087642656
ck_d1ed88ea4211ba4d,0.024758864448922068
ck_2103399bdb2898a6,0.010645776151553182
ck_1a524b5cc8da71b3,0.035047579308244904
ck_58e5359efc52e0ad,0.044331476518813986
ck_3caec7dd6f8d02c9,0.03171250998679717
ck_3eb73e56751c704d,0.010514055058740448
ck_37d47cf0f34574a2,0.015010862589078309
ck_66d0c6d6b67a8d58,0.014836661480961402
ck_98149ed45d38c4d3,0.06914065568437613
ck_00480407160e0743,0.039529640779212
ck_d1ea4bcc407c7d5e,0.010294768637873486
ck_ac2f7397801036ef,0.02590107679010185
ck_799aaf9f2b9ef621,0.010038244230555866
ck_93c4e05699b3b7d0,0.015532959333783585
ck_66accecabf3901c0,0.02042104514275531
ck_f0c4aac04076a6dc,0.008205621401775366
ck_e3cb5f31d8e94448,0.9222693093859597
ck_e541967c681cb929,0.03553674449350023
ck_8aec3d3dd51517c2,0.02190293784690683
ck_23edb6d938a3b87b,0.02745003919491368
ck_740e760fdcd27835,0.028642996512033912
ck_fc40a16adfced018,0.02936819641697435
ck_7f0cd6ea3096f985,0.01881924263419095
ck_347386629d96c664,0.04491048285787192
ck_2366b29ed9887a5e,0.012225176088915107
ck_187317383400491d,0.028610890477149875
ck_dcbab304b55a42c7,0.031605051535906294
ck_ddcac1ab765ff61a,0.035597712912279075
ck_f39cfeb277ef6528,0.014912648339010334
ck_d69455220b21dc9b,0.0142285043092991
ck_b4703ee97f94d7fb,0.020102750594808483
ck_0e0bab173622db9b,0.09977398436910459
ck_d6fe761ed0db3270,0.03435750847060145
ck_590716322ff147ae,0.042351036411316094
ck_494954023f0eb309,0.03334050697377599
ck_95e444a01e2ab4a5,0.024816276122027147
ck_0f909705e2e60f2f,0.014512727963182629
ck_6d03a542922b2ae8,0.012323922865012748
ck_b0ef193195a2138b,0.009670335846355758
ck_7b1660e942436e12,0.032313255537266106
ck_50ede3eb561a202c,0.018906716274942257
ck_4c4a939154446053,0.016292261384984474
ck_504a45ee08db72b6,0.007836271020951135
ck_f143641bf3dd0414,0.05533850226195192
ck_b7bd3a7f263f4f29,0.08379994165466648
ck_bd23cf9bba1dd33f,0.029247436115712164
ck_e5f5cb7dd6ce4a37,0.053887082951959646
ck_1658429acd5306ba,0.012011430615735574
ck_db1fa53d588bf99e,0.01263607151537096
ck_edcfa9e1cf29d813,0.01377333417248687
ck_b7c37d410b1646c2,0.024343998876638632
ck_73cab88b29c7845d,0.06438711341604089
ck_f42a43e4c3f34ccd,0.018405279616244302
ck_0d0a1a021efea5b6,0.026924006333681784
ck_f8f6a03613b6dda8,0.004671040833720842
ck_60557f077abc42ca,0.3034143610289565
ck_d75f25184ece2b51,0.014213671197583511
ck_bb1a981306b750ac,0.05788242333938751
ck_7e561caa5fa1f3f1,0.049788012860118684
ck_e424148c6f2223df,0.03413814812373682
ck_4937cfa6526ea138,0.034011293126114533
ck_a72d6df666e1c21c,0.024563086551103393
ck_245f5d62ead5ef28,0.029973290747612603
ck_059806c52cebe4f1,0.17354601938527764
ck_547090bf35a3b243,0.02039391349588759
ck_19988702ccd79201,0.003848870977281581
ck_90b4ac695b9c6bf7,0.0176587722329728
ck_66267bbad1f1415f,0.9818651440900359
ck_ff6a6d3547dd2d37,0.018114636017393198
ck_03129b41457795d2,0.02818480489961773
ck_a892252e4e0c2828,0.009365335368356544
ck_b3905153b9eee924,0.03203995881569102
ck_e934f984bad2ff91,0.571656932298394
ck_8d2afe17c0082e6a,0.03857639832711015
ck_ea9edf9c107d429f,0.09849991917388853
ck_61fff5fdaadd394b,0.015160415357307805
ck_3edaa94d28cd48ea,0.0698117065915142
ck_f66f06e24ff32671,0.035350274151050416
ck_7cf562578c7f158a,0.029482402653842523
ck_66949171b387bb93,0.04738979561030181
ck_87d70f5fe48a6128,0.020550106991113683
ck_3ad3fd3cceb56b66,0.9059958326940687
ck_d229dfa0e4442628,0.061418889673846976
ck_4732da7e0d2dfc7c,0.0325466949232427
ck_2209de229b4c71c5,0.013920176424998248
ck_4ed711fe4053e74d,0.3920890710369811
ck_c78b2638fadd91ab,0.0240126628190825
ck_8bb6b0a292754576,0.06878695068441172
ck_0b615ed566da1f58,0.01056300503794088
ck_d2b3ce1ebabe9f93,0.036638382254515614
ck_d3b2b250da61db19,0.8376886215301282
ck_4ffe0366df388604,0.022205236831488742
ck_d2d4a8f4a9f2c33f,0.10917151874803194
ck_b378b8d8100ee4b1,0.013803895112698044
ck_20a17e8f206a14c8,0.06968642562981404
ck_9ed53de6ef779ae0,0.012768095894214557
ck_3f16e2cd7e6874cc,0.018328787253339647
ck_ef33c04f4c9e3758,0.0189756508899814
ck_8fd91a3c99e19097,0.04200271438624813
ck_0c6e7bd357e4a348,0.03442995366659739
ck_95654593cdebd141,0.025257269253318056
ck_9822f8ed05335741,0.03403656452347951
ck_11c7667920541587,0.010893757711718069
ck_ec3715add8bbb6e9,0.02780784567207947
ck_f09f9d0e0886e0c6,0.014803842939412906
ck_12107dacc6d05bd1,0.011640214837826117
ck_23a016cf6b98d89c,0.039539550226501054
ck_0e719b3a6906b8f1,0.017490516449986292
ck_7137eeb394d200f1,0.02002268829975005
ck_8026e017909aaa6c,0.08627781945635138
ck_ce36b0c287bd198e,0.0189311488099412
ck_926b81c0ba528eee,0.007176985904259778
ck_6b93bd8abf87b1d6,0.9476143613123628
ck_73762038c7ff2f6f,0.014271762011992786
ck_abd10fbcbaf2b038,0.03330006439523113
ck_7ebc5fa7f0d3b8f2,0.031076412557551305
ck_fe33eb743d714c03,0.017992282211517482
ck_17cc7b411f448e66,0.03237903528030143
ck_5debd55f361b2ddf,0.020188876902132266
ck_350bf14e90b503f5,0.010644277689447782
ck_469c17407d17b706,0.033571651221825496
ck_004de16f7d8a42ae,0.01717691775379149
ck_27fd85b1e38b675a,0.020684880260666273
ck_05f79ddd8eefaa56,0.011221199328389376
ck_3a57a13ce032a6fe,0.03426187021792147
ck_c965fd6bec0f0ecd,0.04017833779108546
ck_a721f0d635fad68a,0.02767605412336964
ck_c29489366c01fe65,0.872399954547592
ck_781b8288e54ba8f8,0.17199582848727282
ck_c9eb4df91ff07f2c,0.019438968175522233
ck_8a5a57858e8c77f3,0.011762390036417537
ck_76d010aa02eb477a,0.015166237821152524
ck_7a50abd42298133b,0.03318603404657052
ck_1d2b80ab6c4944b9,0.015875055544829098
ck_4e39e3b165edab58,0.8268690969785248
ck_e0ccfa0d689339be,0.006356962989290834
ck_89790ff26c844bc6,0.042500556813024934
ck_94e8142728e44380,0.043567480861366074
ck_e3a22799716df39d,0.04885284916801045
ck_5217b55593a332ca,0.12415051026995723
ck_c1c9d3842d758420,0.1048777074879024
ck_dd34f0a844fb115d,0.133627751314918
ck_24cd0d779e866287,0.017609694808899994
ck_59f46321ecf6d306,0.01221035664915481
ck_e7c212f16d6df272,0.029515684175865295
ck_c69ef0f3e7d6acf9,0.052931037601080484
ck_6c1dbee7e8fdd5c8,0.01975601657557909
ck_2ad0ecbacd5acf8e,0.8447995215768934
ck_d67d9dfb60b286b9,0.0228915490164529
ck_b35d803568f82d9a,0.039020410853661404
ck_af39767cf583905b,0.0073291771257661485
ck_4450b55f462ae134,0.002943698863600059
ck_545b71eb4fa594b5,0.01050616814963573
ck_c0422e638a9c6046,0.05904145673853052
ck_cd7dcc884e283746,0.022053573692135377
ck_d6ea026357ec6477,0.015301125637564328
ck_e30e17db5473c7b2,0.03238954594611017
ck_5567779d6ba184eb,0.02669884886613174
ck_fca2798914627dc8,0.05496750892959082
ck_fff9fdc2adf5100b,0.21668795808765118
ck_0c45e54897ab34e2,0.06438256838568643
ck_507a6a580ab55c76,0.18647732976554998
ck_332ad134fb909869,0.009993605721385131
ck_ca60d61cd4dc3bea,0.030885749280529888
ck_59735f4ab2ad3da5,0.026812044542226184
ck_ab9ea095a5c58b4b,0.011031943935132607
ck_ca0cc8ea9f344408,0.036795711982149905
ck_8e139f8925ef7968,0.012458526819549759
ck_9dfb2ae78659240a,0.020224977350011702
ck_90f6f5ced708aa75,0.00717903903302923
ck_4280c33af57eb4f4,0.025650899170267232
ck_5ac86682385c86b8,0.051337128930486885
ck_1bfa8abdb22be8f0,0.4097839440246561
ck_65491367584c730c,0.10618396089953684
ck_3d7db96995745472,0.024816145977852564
ck_a1c39df50a5873b3,0.042631606119728174
ck_ff7c26a62bda8089,0.015896634490785017
ck_09b0d8af304646bd,0.009457955623339788
ck_3c25029e40aa8a84,0.013515311509773923
ck_765aaf42c5088545,0.014427731087286984
ck_e0f845159b6e6a4a,0.030464124262394223
ck_272ae2179bbd8e58,0.014092333983628864
ck_c0ce85fb4109567d,0.016386843437460823
ck_515379973a8044b8,0.023809516146851225
ck_b5c3075c811a2216,0.02054374076226409
ck_713159c5c6a7a4d0,0.9939374411991869
ck_5b3ba20c8bb1383b,0.010847844440103895
ck_67cdcdda3033842d,0.06788575781714994
ck_647ac26c5900f082,0.023176323023626422
ck_46d51648c1bf80e5,0.12450947858907112
ck_40b4e264d1a12b83,0.9200542237795181
ck_620d7ae27af83cea,0.023567350926676788
ck_b9e5b318ee4de68d,0.008746241411639318
ck_cd691e3466fb3742,0.05670893767238685
ck_7190177963eafdd9,0.022959606039942335
ck_362ce13eec1e33a0,0.06399655893383234
ck_646e270e0195bf05,0.007433000358467784
ck_472e0be7a3b533bb,0.00964083278599346
ck_0dae4a7eb587f3ba,0.023172960172565468
ck_e6e7257377c37b28,0.05751859344447468
ck_b7f5d10b427346ad,0.09642047892169912
ck_3365a0ad1a8aa83c,0.013738417194656986
ck_7a43ef9c7b1c67b5,0.0076472929631244
ck_7456df89f3792235,0.015379703264870004
ck_5014a3b07e1f049f,0.1761547315125531
ck_9b12fb56529ebc4e,0.009579549188305364
ck_002eb6552b504ea1,0.13641004314417865
ck_170f4688e0acd875,0.09187224534545826
ck_ccc83cf66365357b,0.028205540378366645
ck_4719112b55d20161,0.04519773264801786
ck_a02aeec1914c158a,0.0193014388525801
ck_ad4a4daa826ac68b,0.021238576131441762
ck_0d40961e47797027,0.017486326693115447
ck_114c32aad4b6183f,0.0492104535310255
ck_6ee939b7f396975f,0.0072972464079197295
ck_202f0c14b07ace01,0.03678237023929699
ck_09fd43f1b7e2eca2,0.034762364964960595
ck_189b6fbe9b9192e7,0.03189286105353101
ck_1383b2b1875000f2,0.010343594807993494
ck_00bd7803f2530c68,0.03740820840269768
ck_4085cd3bf2661518,0.010363746701477317
ck_79323eb5d2e5efae,0.017535505774079304
ck_7d1661a34164406e,0.9932944408469688
ck_ec30b61cbf517db8,0.017475154095489522
ck_ef346071f0b7654b,0.007962113111207347
ck_4c2f2eb657c2c60e,0.053667645605103266
ck_832d39c590a3ca75,0.7484104435178426
ck_7cc5e0fa3ca5a713,0.01438811175881334
ck_08b4619490e751a8,0.889661418379125
ck_e0b3158111370118,0.01812787029746906
ck_2685f38930866af0,0.026599715346219955
ck_cd6fbd4e8724f994,0.030835589825143228
ck_33160c443d4b3f19,0.015855165241572704
ck_2a2c336a69b8d68d,0.39420869893917787
ck_805ee564bd35ef15,0.022563563610497692
ck_08a0355d1f1890ef,0.008496340715689575
ck_15fe2a47fa7e92ea,0.026051969407348136
ck_85ca825f905a34a1,0.027726078359255075
ck_b6527a85fd682554,0.009495388592376267
ck_9dfaca4c7c80b10d,0.06656438565468857
ck_ffb4d892c5158201,0.04085878020798619
ck_a544e766540861fc,0.02531817755396719
ck_354909fecf5da8cf,0.01119123252775041
ck_fc5ea49518e5d637,0.009172090747731877
ck_7c12de74de30b788,0.26419079188401157
ck_7f9a748110d70005,0.030949515915521933
ck_732f725747393ec8,0.023433614978304002
ck_2452a30397dfc54c,0.00867046153865
ck_08fb463e69f647c8,0.9885206703154474
ck_49df70f908dfd069,0.08561980145509791
ck_7af748a23775bd54,0.025083447850800418
ck_5010ffb1c94187b5,0.009910104465170771
ck_68250033717cd59e,0.0027652130511140005
ck_83dde7da2bf647ac,0.012080720474500652
ck_8bbb625384edebd7,0.007463195387527666
ck_5eaeb87bf6207406,0.8613136570145876
ck_0a7adc2f27f98510,0.04780223538949769
ck_c3719a30414bbb4d,0.01984918491411113
ck_580f136ced341298,0.03170899835105555
ck_70d69e5d1bb99e85,0.07587123864397943
ck_c3476080516db25d,0.007079827596051901
ck_d4e0b2a12fcfc35e,0.01469973119788108
ck_2ca91214c357c072,0.055368553494386796
ck_c3ba7534cefc1de8,0.028278631277079944
ck_e967ff05514b697b,0.04801692079526555
ck_2d3d7d64a6f443f8,0.014555765990512672
ck_9ccc030ba2de9fb2,0.03907216733871311
ck_387e5a7f163c7837,0.11249914286653709
ck_d51df5e9fbbbcc94,0.4263345379734081
ck_15254db133b28371,0.21841439063047008
ck_5ac959cbcc5e98f3,0.04265110686651143
ck_619842688294dabc,0.0051367996205404455
ck_179ed66cdfc1ce27,0.018004155303668078
ck_3a70b4ee59084715,0.030159595761325077
ck_c1dd3feb9a0b6471,0.023892826095813516
ck_235ce9603c7dccbf,0.05335012956712242
ck_edf1096809e83ef8,0.014419883243948849
ck_83c2c34add971d76,0.02174999957111519
ck_0a4e191cd0a57ce1,0.03281063065261531
ck_472c81a144f4631b,0.01943185082888412
ck_81818169208a8cda,0.06268578637403599
ck_06aee5a62a67a84c,0.07989805535494614
ck_754cd7b4a5ae3f94,0.01746677165808478
ck_3428910b44b9d08f,0.013150195722037085
ck_a9d2bb4f2bde7052,0.013714872240603644
ck_6482ed4491bedcaf,0.005660557143290895
ck_966d4d713cbc7792,0.09733006250912561
ck_1c8c969667cbaab2,0.8640337100281601
ck_94295287a04c85d2,0.05482362523944494
ck_466103ec5bd9444b,0.0035744728309248727
ck_3c0031d7514da17b,0.04748383123477795
ck_9757163e25262b74,0.020672293915356108
ck_c8ad3f01319c065e,0.06700641412292956
ck_d35e3aa9ef5d405e,0.13983421550158698
ck_3397c7856b4669a5,0.02901141156305459
ck_1745847cd4e5dc83,0.018995277292947026
ck_4b84357ae8ec7777,0.03665931684528599
ck_bd771efb4a7e15d0,0.017480446730145958
ck_764d40f865e710af,0.020614536389044792
ck_021c6a4a7e3f1f0e,0.037756387666915116
ck_123d75ffb75b606d,0.07392439561531529
ck_b48cd8593533fc1d,0.2569663552274004
ck_c7b17f7b24bef5d7,0.020777357641668964
ck_b11e22e75d9b99de,0.030746546807754477
ck_c7550723b90e5615,0.01833573007774595
ck_4dfd8947f540eb24,0.014473516255351898
ck_731943c682c9394e,0.1051824626791352
ck_7db098a17374bbf8,0.603842711035146
ck_7f3132d6be389657,0.05867570509997625
ck_95458880a54df0b1,0.10603332649424313
ck_4c6ea04ce8ca9e2c,0.09009409241812766
ck_8777beb11aabd66d,0.007151897586732434
ck_60c3d8306527a08d,0.05179056712205763
ck_cf8ecabbc61d3e11,0.044015450321673526
ck_5189a302cfa7cefd,0.015752786411779834
ck_77f293d44b4a3d2e,0.054435308988965446
ck_bed50fc64fbbf8ec,0.008660369426328906
ck_929bcae878a3ecb3,0.12336732253220303
ck_f7c6c26ef3c4ae06,0.024517523211182682
ck_59a9e000fa275e1f,0.025445114882830862
ck_3ed9e081959b2f5c,0.007100100373593005
ck_57f17254e2688637,0.017276537129300426
ck_52dec82e9cf6135a,0.031370407063366086
ck_d91ab840848a54fc,0.010062843770465714
ck_c886adec7bac250a,0.011322602065908696
ck_63d4f5076fe4406e,0.010538809108960205
ck_ac0ea27e692acdc9,0.020653249847171692
ck_ba845332b730b596,0.007664592293984619
ck_7e9a8924eab779e6,0.9596776524409361
ck_38abb60995114f8f,0.03956333405310208
ck_323b9cc5c49f8ea0,0.010511833962667754
ck_c530235393360e3b,0.01732334511036811
ck_1355db6f4010232a,0.10968055531110142
ck_1cec1ed1512a2d3d,0.01995549607335889
ck_5c0fe988b8aa7fcb,0.20670573424162206
ck_79e202f06d8dfe42,0.01615159235678829
ck_e137400825a1e3e6,0.009533435649747918
ck_fefc49a2b8ad993e,0.018995085849760163
ck_7510b1023cd08531,0.10319580632558738
ck_b95fbf2b5640aa82,0.003135164121954716
ck_f4536ba8dd2d551d,0.018747924280059065
ck_9dde2c63acda3ba3,0.008480939752425877
ck_59472d17debedafc,0.009294796873672628
ck_b0fa8b84e94d8ae0,0.014869892355258664
ck_5b52ee0a13c71590,0.05750380590267699
ck_ad3c4be96599554a,0.01636401557033753
ck_458531c22ec2f9b3,0.008398578850623875
ck_b379c198d6db2d62,0.014992148363855819
ck_ed9c56fdb9f45ddc,0.4108526105955471
ck_b3ab3c210e2c7c19,0.039693625859054005
ck_98b34f2d704c1c2a,0.02106874667061404
ck_6def9d0429e4ed4b,0.03724369688742405
ck_ac68d707006c12a8,0.04413897877189746
ck_829cbf5ccda481ae,0.018307972012956558
ck_43ea894480567274,0.03748010859784376
ck_5e36042cfad96c99,0.08099794065401184
ck_891eaedae139828e,0.013130589022580684
ck_68ba25dc3385fea1,0.1400103359007306
ck_4a522ca2dc4831a0,0.004023102469283155
ck_a152165caf295b51,0.031247331212292638
ck_31c54d540b128843,0.03474861323781602
ck_cc447fcc24a0772b,0.02745143196229781
ck_8a16eb584093b12f,0.014848050921407136
ck_259271c70f3fbcbe,0.05048671680711166
ck_bd86132499defcd0,0.016883597256027606
ck_7a4e3d553e8ab5b7,0.019855992394324555
ck_8ee08f6777cc155b,0.021641141881268516
ck_604c710141327a81,0.013807136204377572
ck_3f1287e6c27de0dc,0.014424478314611305
ck_ae91b4cff57fb3bf,0.0156708137349562
ck_8d5fa65717d2e0c6,0.01955098893272921
ck_c0b744eb9e7d4eb7,0.02174017732537235
ck_90114c891239d821,0.01637330782855762
ck_85de63d278f0fbae,0.011478428856824794
ck_3d41faeb96802f68,0.010050319641006123
ck_2cd21137a07fdd7d,0.009568730970313525
ck_168e7ea341a36b80,0.011962377173587191
ck_db23a0e3e54be60c,0.0780522702460477
ck_a958b2461ffc21a2,0.13662517332686483
ck_0b3c3bea0e0ed339,0.009932648286747494
ck_be5df076b8a86409,0.0357255302943476
ck_2d1548f1ee405cc9,0.07105911392783289
ck_7176bbc97b1e42a1,0.03224335698200411
ck_ad9e2088a33c8c72,0.005561024455912002
ck_324b9939d9c1c31e,0.011091724134603347
ck_dfc8f5c141fd7c63,0.013085650909949405
ck_16fc77b2bcf5ec03,0.8007934469554403
ck_4f521611ae14ae66,0.05399408333313684
ck_a7fcf7b592f68ca1,0.03513901448378458
ck_8311cb6755b2016c,0.01240043467065412
ck_724085c3452d4693,0.24148577532941926
ck_a0db4ccca08030c3,0.07228978648092603
ck_de39c1947fb675ee,0.0896988305036119
ck_96a9221a87be93c3,0.019144954648968617
ck_98217aeafa0bfefd,0.041718851822152694
ck_f4a7ac178fd55f0e,0.05368395358420248
ck_5d818522cbfe2a54,0.05912487209715113
ck_874eca6776b34dec,0.062043903734757315
ck_7262b4e0c29c942d,0.02027423682230485
ck_20cd2f5666719baa,0.006304054316631901
ck_d7ad9921a4d25926,0.02601325777727583
ck_d56ee1654378ffc7,0.026726483752731584
ck_2c7667f64edec2b5,0.013593645711325528
ck_78730527f8ba1438,0.13604458541973982
ck_794ba5921cef50c9,0.04825784759499305
ck_b8cdd6d6dccc4554,0.01672226908923597
ck_12cbb211ebd2b437,0.049463833504350935
ck_85cb5033fca7c846,0.042531370873615776
ck_1e51199a075ca0fa,0.0058884297585773395
ck_e0f3ea3373dfc4aa,0.024313128954948377
ck_40799e129fcf42c5,0.08699653584532124
ck_5d4ed73b9efd7d11,0.016707717031310146
ck_243b1b9fdd3f9a74,0.011564020918314063
ck_9d64187c0800f84e,0.015837043807649203
ck_01eb24c18ad11fca,0.02157093852826357
ck_a0e46b67e986ab56,0.01744374039845788
ck_cff18e2d8c520272,0.011322639099338077
ck_6a27c44b691dbfac,0.056737225583671745
ck_e6ffd0754ac08661,0.012066837613391022
ck_a7acd5b015823793,0.014908126906560591
ck_c3f360c2d0ea0a37,0.012104992808740682
ck_38da3bf629458682,0.011364410509549394
ck_9a0b605e9c3220c4,0.015783479751146516
ck_e980d325b8dbb8dd,0.019445626076976544
ck_75b69034000ca7bb,0.023129826225088138
ck_d451d24c780b5884,0.012473412202362155
ck_2e824b0b27494a17,0.015862567288283096
ck_23caafc2cd34242c,0.01048952444997795
ck_ffe2aa26f597e552,0.010687257178067214
ck_eed7f1f7548df15b,0.08078435517048714
ck_eeb75f8a6439f65e,0.027642767440155914
ck_2e481d75d110c06d,0.04967115429827638
ck_192579ecdca7ff83,0.013578222718849012
ck_869b1878d09d230d,0.07689859435463453
ck_323a71f9452d21cb,0.41503047119356806
ck_5e68ea2c5e893cf0,0.051197122527150286
ck_be52a7ec43241ba4,0.10070982758713956
ck_77b56c49cfdb1d81,0.06356935324021402
ck_15e0b679931f7a8d,0.010583283873131578
ck_93776b0c113f41f0,0.23151037228693552
ck_1f2760764afa45e8,0.014755216143756206
ck_3fa1a523d77cd619,0.02109276407583236
ck_0e13c4f73818149b,0.03455373301348985
ck_59be61b53d971611,0.011798791984429699
ck_87eb43e3b9d96169,0.03988924418805346
ck_9b7167da0920c37b,0.09851341789925189
ck_6cd8e0196365c474,0.03489793989653721
ck_9951bd806c13c7fd,0.05949058412080945
ck_c6d2e11a368184e6,0.009991950160427327
ck_c646cdead6fb79d0,0.009840515866265312
ck_abaf371ec8249c4a,0.04023376325937112
ck_ccb3767c239018c1,0.0189624644670917
ck_e5d1462846154a75,0.03491696485511965
ck_939fede90473e412,0.007928773295922628
ck_bc89644ae3688995,0.02685493648359342
ck_71c917295020ccc7,0.04964968752313799
ck_1d58f6caaa4d012c,0.04188068973536152
ck_609c249edd88c565,0.018824649907836024
ck_b1496c474c4a3239,0.006419702933807395
ck_00a07fc2a9183c3a,0.015902012936431124
ck_2122f201e65f76ee,0.00522856190149664
ck_a5051eafe8b51224,0.13865078169772743
ck_129e39ddfde92eeb,0.009226177391399724
ck_102db9615e722c9e,0.028091799713228657
ck_b6a2bdb2d335e1d0,0.9906633693213626
ck_c4cca8278bdad9b9,0.02740778568344763
ck_212525e2828a6c45,0.21112697386652107
ck_84ad096a46e1a960,0.05667747308156858
ck_1294f7af22fade11,0.08029595666001682
ck_0d33977c3de8cfaf,0.9875570483742337
ck_5c47b49c26cce286,0.018950190570952756
ck_f558fe02bb0219b8,0.005934309591292595
ck_c09c914e416edd08,0.21333851861408165
ck_f8b3cdffef535330,0.12692930443477862
ck_46a8db16ad00b749,0.041857622967727
ck_310f73940fc4cf4f,0.015204710678276511
ck_3d7fa32dfb9fc692,0.09491530046796295
ck_fe8e5a6c880ceb4e,0.027929356983319217
ck_7176d12b18f2cc0e,0.027635750543293813
ck_61d244b2cde483af,0.014550441343420758
ck_3865b7525b910893,0.04479806347591879
ck_efd7b9e22c6317d6,0.02372293682389411
ck_5e418a7c04437b4a,0.028176123381889535
ck_2db3fb565e0211ee,0.007506244601062725
ck_1071d14c46c92379,0.4511963678051122
ck_1d7cd5dcbcdafd7b,0.10097651427280609
ck_dca9dc465f759db4,0.039242786888209175
ck_0d4dfd93086e7330,0.08186602502192188
ck_16077934338472bf,0.018172085251227325
ck_5249b223000915ec,0.019943466681192158
ck_125c5a720ecb177a,0.12674069419568673
ck_62337eccb1672737,0.06643413203640479
ck_13376c59b5bd6943,0.012688705406827566
ck_399e45e5fe9beaee,0.0947765970004763
ck_946afc2943298d26,0.004095190244809908
ck_a6e8e8f535b1f1d1,0.022665229731135713
ck_7c0fdfbb447cdc04,0.05017189930836292
ck_ce0166addb93bbad,0.022058015636659368
ck_7d28da4f1dab09ee,0.05142838620946933
ck_0508908697f60ce3,0.1551430054861418
ck_d96eb3cc55f2772f,0.010994056949343908
ck_b4384b6c11766ce7,0.12208505300350676
ck_e5cdbe3aa12c97f6,0.022993234501215522
ck_9f3861940d8d873c,0.03866081932019031
ck_d74a62ab3804a81b,0.019804905023721824
ck_7cffb189f4f514ec,0.9691499878221378
ck_ec8738ec663cd2eb,0.015120640328908665
ck_715966f86d5c913d,0.01819988081222489
ck_6da9c5912e15d9a8,0.01873857653072366
ck_c081e1967dcd811f,0.026924006333681784
ck_f9f93d1d41be1468,0.31103614736081653
ck_583d6ca78c97d91e,0.41364246992891895
ck_533c4f7400d5ab22,0.19605748755941035
ck_80c0a7f54ff4895d,0.008544731194347972
ck_a60d6b324bae0330,0.021677069669377002
ck_4eb1c12f7d092bac,0.006382054317312846
ck_5a9d5f9901e37e31,0.03667645246945057
ck_5ee32bc6bb5d1d4c,0.13298715961367466
ck_4684fdd61c6a0fac,0.013527811395555308
ck_510bfbbee37ff436,0.006286530084808683
ck_a964e6b5d8415334,0.38410782782295555
ck_1b708e2a4a0584dd,0.03412245917613632
ck_2369689bd795ee10,0.01875895209445661
ck_e9dcf535f8c289eb,0.13737764135674513
ck_09748dfe4df3d540,0.026606355504061367
ck_2ce5afbc014763b8,0.01967151584145232
ck_132c16312f37810f,0.014220940330649773
ck_010264ae04f2e902,0.05026107222925512
ck_fec0ff92fd622253,0.01131906754405988
ck_6343e0d3b1c2962b,0.025007394799225216
ck_be51f4e5e6b85768,0.06443785479734267
ck_f2bdcfb4203ffdee,0.018724055624362596
ck_9720a472a3e0140c,0.006968641602932855
ck_9aafc33fba1474cb,0.0066403951040372704
ck_5403c76fe68a08ba,0.34138702271573573
ck_6e606f73a1094afd,0.02203678554531499
ck_ca9d86f65cfdf018,0.14200408431314385
ck_b9f6040eebd1605f,0.08191198751114367
ck_b447badc9138987d,0.011889114472291242
ck_7fc513033af061af,0.03456639809575956
ck_01c631b38e8a9535,0.02080513861371379
ck_30753ffe481a1b8c,0.5856497779611998
ck_9129c92c12e0c8b4,0.014984410381286712
ck_c401a26725b17177,0.01250689324444875
ck_117d78ccd5820f36,0.018639135559129213
ck_b5777605668bfca1,0.016060192109862554
ck_0e5385c70c6de025,0.03117544757108464
ck_6a0f8f8fa4a3c2bc,0.021611522141087473
ck_1c65e8d5be3b9c60,0.21884466949014697
ck_432cc19c7eeaa46e,0.0168404254395053
ck_ec7406cb5cbc8f10,0.0302381150105472
ck_18eb1f9181f95df4,0.009861491228675728
ck_b837c7dac2a9b931,0.01137770177903003
ck_acb84dc2351eeb76,0.025566952765611554
ck_812cb3a4482cc618,0.02453245158687243
ck_1436f6e11d4008f9,0.020221360058723138
ck_cb83b9f806e90dc6,0.10618667942837347
ck_60ac5e5f375daa38,0.023437494893824518
ck_a7e669cf1c3985aa,0.021010198694303664
ck_675c0ca1ebb1051c,0.007853917787402609
ck_398f3f4cf05c721b,0.05786209078859373
ck_3364a1d9261b3638,0.09988512476041081
ck_8dbf61df902a6bbc,0.017575730643820755
ck_25e551a0a8d2fcc2,0.041018004820789954
ck_7831ca5c31fb3859,0.17730161840789369
ck_7989376f8cf64a9d,0.02562924449652074
ck_0027ba644f9ae2cd,0.16514242003262472
ck_02a9104419a6dbaf,0.15097915625583874
ck_f97c477986043755,0.022294745715708445
ck_4b68b38c1b3326a3,0.0070702440019713075
ck_190bc849e5ff5401,0.026212808017473797
ck_a0e96fed380440b2,0.008732641574251456
ck_bd25ea782e375b22,0.03157193240509844
ck_50ed8f4e7ae6710f,0.008492610226911645
ck_86a2d852a9715432,0.07327540466570069
ck_5954f45a2ab45f43,0.014055134662358854
ck_5fc65c24e0736d5d,0.7804859789594587
ck_51d842e6dae74c71,0.015629562734681274
ck_b05c4d33c4f43639,0.049009006283222696
ck_538fdbbb3c2bcbbb,0.03935122204021174
ck_735f244b99e3aa8d,0.012079702942061123
ck_5a4eb535c9a11993,0.010699326128698717
ck_706a4f673a9fda3b,0.3627823486270904
ck_b92b11d205af91eb,0.0163984021192899
ck_84569a8fc50e73ac,0.01965475811220277
ck_a5ecbefa849ae569,0.04000289803586916
ck_40bc6de252865f32,0.004784317979049821
ck_4666232ddbf77756,0.03495551830927343
ck_aa0b083e2a6813eb,0.07949601671602115
ck_634276b05f4381f8,0.024983698614187855
ck_fbff7b5da8111567,0.010102336927408912
ck_c00e70606904539a,0.017800169558336035
ck_0e808afe2570ecac,0.028229207337511053
ck_b1495ee5c59a6b28,0.011680896648579532
ck_724e459b9ece38f4,0.04789762268901854
ck_3c08546dd0c92863,0.021377941881391926
ck_aa9b28e7fc43af79,0.05700361553946376
ck_f2f3cf9cd23b2809,0.02997915233380572
ck_19660cec756632ca,0.06492933489615489
ck_221b5d40358230f4,0.030888009827498366
ck_dcbe6814fc4ca0b4,0.019548745441680962
ck_5f0be7b468a72333,0.008555232825419607
ck_49685deb63e4e8f8,0.010171040674202367
ck_032880f1114dd51c,0.02540984956799247
ck_238e53b6dee8c301,0.02028877931358931
ck_7c7ca54969eed187,0.013056104435404042
ck_a6c740041faf0bd5,0.010983891108569826
ck_2455d43bbdd2bb69,0.01557529396560834
ck_6c54adce174f45f4,0.02039435827696378
ck_192bbfd0d5720134,0.011476757482512135
ck_85e5494ec20383ae,0.01709125203122091
ck_479a065d5903e9c3,0.01542877148993191
ck_408efac1d3885ff8,0.02249260055456757
ck_f7e958a286ae3b57,0.03047644878767051
ck_8dd44eead7d765a5,0.010749378616264736
ck_2c4d25acbe3fabd9,0.043780597276661004
ck_621c9ddde6bf2eca,0.026958330678306355
ck_2df4854186ec515b,0.012112433767540141
ck_a15fe7d0f4b65c33,0.3240268231286335
ck_73b729cb161487f2,0.006121262307454568
ck_053746067839696b,0.03332718365913995
ck_0576b00d728bdf19,0.05159048766490055
ck_daaa995f3c2f0e47,0.0273041272792317
ck_a777c813551281fe,0.05764316825613082
ck_c4de808ae69c771f,0.009627591055202289
ck_1d3e561a7d20be0a,0.9594353997624026
ck_4cc11c7d3ca61f73,0.03720731019069458
ck_fd78f8a8663646d7,0.015878280971951184
ck_3b150afde386ecff,0.022867154033507753
ck_9fb11688dcfe1513,0.03758713751200068
ck_924e572517515f19,0.15664810579741373
ck_eda55c8fb47593d7,0.008615928877076342
ck_e066f71f8b296b7a,0.019337118515058743
ck_32430e678c4f9f53,0.010242045466693423
ck_7484c214c889fe7f,0.014843568624153126
ck_7bf668e25abeeb05,0.005968681383484484
ck_3925f8565abb7fe4,0.025028274847330775
ck_933789b55361d7c1,0.8473187459628908
ck_04212a9bb9b28696,0.9964617027556367
ck_f04938570a154de3,0.00990547943640652
ck_4ac918e884cff336,0.05563726494983522
ck_666b95e75d99ec4e,0.8185184682497175
ck_9b665ef46d785324,0.005868803453337
ck_de056e37c82e8e00,0.02230743594656654
ck_618c4e5cfae99dcd,0.019641138727782913
ck_3b74512f774a6e5a,0.04238859892766941
ck_1ad36046aaeb816c,0.016139325671543237
ck_2df5a9fc87553eb1,0.00918629708705869
ck_b367449195e36499,0.0294473252023877
ck_1242aa4496576a99,0.03850364796511916
ck_133d8a1ac7c0e301,0.9612235480824882
ck_b804e784cde9af8b,0.007446328858316834
ck_4b3506b624e5193c,0.021144915737426235
ck_475ea9aa6d3898b7,0.07134176689351703
ck_337b24a474010abb,0.9901775803339588
ck_749e0e50c3907be8,0.029354164560841552
ck_d1157eade2ac3975,0.02817163780899733
ck_c2dccbc1b24b137b,0.023894687723853503
ck_af02e1817cfa40b5,0.3953617047488896
ck_e9a2495dea8675e2,0.04522118695519983
ck_1df4a1781a0f6999,0.03316847317355878
ck_f85155ca5c312c7b,0.027578226505580245
ck_ff090498c4b17ac3,0.01316874537413843
ck_17673a1c2867888a,0.01126424910608976
ck_cfc2384f22954830,0.08964432391726686
ck_bd2cdd53fca26171,0.013186962944744203
ck_ec1c902b9b9b9c5f,0.11609272210580834
ck_317360ec0a67d27e,0.06706928724216027
ck_3e3ea5d8c4a229dc,0.07274550071387158
ck_546ad962d04b7de4,0.8175412308582118
ck_82f07504ab59ed33,0.051866860033886485
ck_382ebf136f7fa337,0.12365202834244167
ck_ed471e496916ee15,0.024075804794798157
ck_0ec820b670d48098,0.006649094665118226
ck_0b20bfc515ba42a2,0.03410943099864763
ck_42341cf31c08c981,0.07624047231240326
ck_42dcf92e9e016922,0.030297354025232117
ck_424c254249a109f0,0.04657155518678742
ck_ba576d6d4cb6130b,0.34634378072961874
ck_529fc3170fd11abd,0.05050363552769366
ck_be48f583f79427f7,0.024075163966028927
ck_94fff69584dd3b2a,0.015223350989633727
ck_6babe5b8674ff51f,0.012806243085989896
ck_7e826e233d6ea028,0.013847855442792104
ck_d55eb81a4d543c59,0.050236297194159694
ck_12e2b5ebfe8986b2,0.013901134971239232
ck_206f8e3cd72768f3,0.02250810762318688
ck_a2d7a563f520b7ea,0.017259873793384627
ck_47cad6c3def4c9e4,0.011966763247935719
ck_46bc797b4d07d607,0.013124707146311686
ck_bda299466bb2136e,0.012773836423068455
ck_77fce5f86f00b8f4,0.20462396875178426
ck_25822068c86c856f,0.011272128349943494
ck_9191579254663f5d,0.01460968452493223
ck_311d395fa9b8550a,0.007347208222046001
ck_31e7742f160980ef,0.016056409609888054
ck_f3dcd818db92de7b,0.010923174187614664
ck_150a1108f936e6b0,0.019307731208496624
ck_4c37586080edb7fd,0.003985628706092696
ck_6f8ae0319c07cafe,0.012065946557193254
ck_fb2a35571ec719d4,0.10542433235697705
ck_e45012f22b7f91d5,0.011644568937429862
ck_70e6bca473bf6902,0.009097021947905903
ck_e7501307c0698e5b,0.01701305763265937
ck_e08e9c8ec5f23d8b,0.01734569846202196
ck_72771757dfb7f7a8,0.034154993710892166
ck_fc418f53ce4aa579,0.8503976700616319
ck_c1ab40638f04cb02,0.040922830474101696
ck_f01be92dc78a2dc7,0.02102767614203449
ck_703703bda38fdcf8,0.019249780375774614
ck_a1c78972e4ee4082,0.023857850636280507
ck_255f0e5888ae9e23,0.02988288923072309
ck_3b66196ccf436c35,0.007788984079647151
ck_75fcda73f0b43557,0.009833109740154534
ck_d3e208671cf37f91,0.82265288450217
ck_233397a8bd40d38d,0.018950445937026203
ck_01e7960c63dca3a4,0.7752660404335382
ck_d932f98bf6b83956,0.026779584382164115
ck_abbd1465fc730d78,0.019019585955634178
ck_7890208951df34f0,0.02770043235567566
ck_be5bd81e3715cb8f,0.8137874503403014
ck_ead68310311690c8,0.13891072251509812
ck_c2bd5a722aa637d9,0.07915976294575149
ck_197f8058cea1fbea,0.005123279087983106
ck_ab33fb754c818ae3,0.021892264077240656
ck_95fdc264eac72fa0,0.024261880257375273
ck_02adda6e91e49650,0.04055055985092445
ck_c54643d94d3ce355,0.01772353204800107
ck_9aa45c4e03c8c57a,0.03296644837908587
ck_427b91925952cb40,0.016874259182782854
ck_c4ca1434f3778f1d,0.9900924366106283
ck_89a1a780144d808b,0.017751974030295114
ck_8bedacc6233c6269,0.024848478509605372
ck_f4f83b1403ebea46,0.014743695904593743
ck_a1fd0ad03ff9b776,0.026699451738397773
ck_c30201ebd003fdc7,0.01997726967767143
ck_9fe9bdce982b312c,0.06157042665031628
ck_09169f22194fd6aa,0.023445900438439304
ck_976fac1bb3dd8c58,0.01913829511812234
ck_bac5233623b25ca4,0.018133796358053296
ck_9f83fa5a2d3b9049,0.009202571794906049
ck_b2a79dd3df560f14,0.029695059577691252
ck_62b9fb3db284941b,0.026149825219318207
ck_aa075c418ed9fe5a,0.028461386748146196
ck_c6abd5d57b1009d2,0.014621695849720659
ck_0734fd90b2cabd43,0.16517699592790414
ck_bafe82c870356706,0.9678406560173769
ck_e35eb857c61548b2,0.4791987312680628
ck_22b587c18363899a,0.03199826133237035
ck_aa295a11b0a6ab36,0.035217189714704174
ck_d839798f9520363e,0.06514395822859878
ck_8049f5fce32be185,0.44209515358969786
ck_e2ab04136a442a98,0.022287797778503534
ck_c9d72140b0389216,0.027433259435039714
ck_f234ab47061ba7c0,0.008896930581711213
ck_31fc51d5a3dfe16a,0.028797351149028535
ck_f517f06551e69507,0.010693977756048653
ck_392cf2cdd515c34d,0.0151669257020224
ck_366616a725afc6bd,0.015642153432205035
ck_e18ac29ea62cb435,0.03006482193280325
ck_170c65860e2a7e23,0.14305900418201722
ck_093e3a7134e11d6b,0.025765026205305123
ck_d111c98b36bdb791,0.008125777056395285
ck_1ebd574406235957,0.05343563259388669
ck_65519d0fb137e0c5,0.015069679979435403
ck_ddc3fc99eaba2064,0.029137291551454742
ck_1be8cb95d6d9bbf8,0.010386889427008163
ck_242521e261148fba,0.01424313196030072
ck_110608c3b03d4038,0.3397326096575906
ck_0dd7c5925d28755c,0.012630892390972778
ck_f11be8ce05382cec,0.09475180003032035
ck_129ffae92dc01408,0.026504872260058647
ck_b0b9047dddb1ec84,0.029598737512980512
ck_b4954d16b9749829,0.03461736793879534
ck_66a8325f28be7562,0.04054044607246301
ck_e1b1e7a7e4a15b3e,0.04251719316879187
ck_658b4b54be09a4bc,0.9635337764554254
ck_77f8c5042065d506,0.0190223525369303
ck_b003e5b54df65db4,0.014281627787163083
ck_ce81ff9b8b35562f,0.08302920445221379
ck_d27b872648b71202,0.006527455106704615
ck_3acfec10eec32f9c,0.013824297523692686
ck_813e02e1ababd177,0.013847626037061486
ck_ad9a18f58589faa7,0.022784428181872412
ck_62f5cfe22c952694,0.10350814513473572
ck_a46c1773f01f0be7,0.02644178015627496
ck_405b20ef9ad0ba5f,0.06420068698501842
ck_f948e8a8fdd79b4e,0.010399344638378152
ck_81275d9d4c559e6f,0.009859146375532857
ck_40e84e6ffe788a4c,0.025040961127641485
ck_17733f75ebdea93e,0.027813414148173694
ck_4a1f0172d3bf4fd3,0.018568237867812205
ck_01ef1036b2e66a4b,0.010304188413574111
ck_084a85145c15ed77,0.0519933171243604
ck_62f46226f244139f,0.08225603618074455
ck_43637d28c7216453,0.02558535939119112
ck_fcdb4fe2f095fba1,0.022481958608580804
ck_9f85fea4490c00cf,0.014518673387059276
ck_83e5979334345622,0.007196377989355687
ck_231ae0329ebc3220,0.056393477261998635
ck_a49a2c1f881a3560,0.027577085630113476
ck_88ab6d245228c38e,0.010311881803625234
ck_b62276c3426d680c,0.017957721586928765
ck_def344d68f06d749,0.025354228329733892
ck_8b19bb5b23b6741c,0.021825610374962612
ck_c009c97d5fafbced,0.06096791821353307
ck_9e298cae167f4693,0.023660207055895496
ck_84d62b8196da2452,0.008722715017860344
ck_6f73cdbf9305e2ea,0.02259853937052671
ck_4c1fdd1669c7cf51,0.00715752784124963
ck_744eade757ba69b5,0.05922655849268115
ck_b0fe4b92fc70f72c,0.016843992422639925
ck_dd1c490050cd9051,0.022841937908753347
ck_17bf38d51115a8f3,0.007269352076372297
ck_166aa980cc87fa77,0.14532638842911186
ck_f17ed7e0fd687742,0.07707617828931963
ck_26896c494b2768ef,0.0160838897648549
ck_88ef9f85948e1a01,0.012059564688750633
ck_a28d9bb5590d458f,0.07403389594006107
ck_8b8b9de339d75d0b,0.01550784610445715
ck_6715139e240007d9,0.015846553431137493
ck_139b54e6ccbdd7da,0.048803653476145015
ck_66e81a4190c33510,0.010972041823449928
ck_4e862c2f48c38aeb,0.029107554403673994
ck_1a3ff7620580a514,0.008854285949177029
ck_f33188c232a03526,0.23269241765284293
ck_348c874eaf0354f4,0.01857796000899685
ck_931510e384b1d0cb,0.0032164856157495636
ck_e15252ebd7553422,0.025682939417844282
ck_a3cce46d15cc20a2,0.05490554110248158
ck_0dc1e536231c4860,0.021556380715462002
ck_f92cd37022b0ce21,0.014797804507404276
ck_bb99071e8f58c8a4,0.032674818548364536
ck_06010f0df5b7cef8,0.0830447918971476
ck_ab7cb50407d6b13e,0.017542187985434592
ck_16a06d58d71935bc,0.12898861200268075
ck_68f56f6560a7a933,0.004799467108927497
ck_a019151ca8e7527a,0.01999712561426462
ck_d1b9e5d32d2d789f,0.026491219752275714
ck_615763afc2e17a7f,0.03919476625854705
ck_5eff0208c74ec714,0.02584792379014416
ck_7eebd0e6ad6c070e,0.00662019230636995
ck_cd4c63155570d6ea,0.017047179822654947
ck_c5414d7a8031d4f5,0.06538930555392232
ck_9a88a5a989cb5bc6,0.00968814990668913
ck_541a734fc457246f,0.04809799966002098
ck_861af5a9a9a6d619,0.05820987539738452
ck_2cc1d9b587f6da31,0.036605980323795674
ck_7084ed3cf20781b7,0.019108850150552397
ck_e02f93f51cc8caf3,0.04287594933270257
ck_9a930faade55b8ea,0.01163235111444177
ck_0afa4449f20d5196,0.02649798104298192
ck_4d503c41cf4e5034,0.024001570408762243
ck_6ff0fc7487e737e7,0.4596883370909967
ck_b21d8630387cabce,0.007783615794763842
ck_bfd9bfc5b6ab4a54,0.055274727058415705
ck_629537d8b4d0f395,0.020659393398036616
ck_bfb067986660afe3,0.05810258754862034
ck_c1a31690c8573226,0.05468890055468612
ck_94c9a4d382689e82,0.042408281129737775
ck_397c03aa33a57310,0.203008280129991
ck_4b4a3c5b95c55b43,0.005683248375435884
ck_40780fc0f8d6f309,0.013201388038800525
ck_72022008a92c9386,0.04867784959592859
ck_0af18b3ce015d294,0.03915682923403971
ck_a481385c2e60dc4a,0.0381994318209219
ck_e49b5e4f2f2e79db,0.48444320508774064
ck_cb88ef3dc1f42225,0.013585516324438902
ck_a4e2607b4c8021e8,0.023356468207652758
ck_8aa8b9968233a1ab,0.01978309958276949
ck_cd32e58e8a1c0e85,0.01794090630984062
ck_69b5620e00ef5dec,0.006351731541121885
ck_0dbefdac0a1868fb,0.02318383213311189
ck_fdda581aec411010,0.005844215173310433
ck_35e411b05d22f663,0.040597532825219766
ck_11662cc7940ffc82,0.027502155363328923
ck_4db6d4fd2b49aa81,0.016777001117795128
ck_cd0e76f0e7bb38cc,0.01960753562243302
ck_cf52e46fa54e4540,0.03218499739980792
ck_337b930fd149a696,0.00844111705822925
ck_86a61d9a39768e87,0.029284301524753913
ck_8424bf65223a5a9e,0.02770086669915981
ck_9625a64406ea16e3,0.015627393484536102
ck_ed0cc1b1c28f9511,0.03197402279448488
ck_9158bdbb63ee8987,0.01664281255478908
ck_2f241b97c0f8389e,0.0163238793513961
ck_473d6314ea614b29,0.009163406069561446
ck_7443d6dca8cd1352,0.030026289078935234
ck_c6fbdc5ba68a8466,0.00924286505194337
ck_6cb7c97b72d6b5d3,0.027127819843941275
ck_b43f04431c267dea,0.015484416661709278
ck_77b2fb17c29f5e72,0.013740691734913569
ck_b1c51fdafcd80122,0.03284296760126294
ck_819bf3e8231f4081,0.015023713567685833
ck_1dedcb48ac381a1c,0.09614456636737326
ck_888651bfc2c8cf70,0.00988884449149042
ck_af0a6540ea7a36b2,0.0242060608693
ck_97e980463aca4644,0.025867513563112714
ck_6faf3e6820398866,0.07531268769851933
ck_d0982b4e0e118e4d,0.12935061700616857
ck_3f5e8f3f1df0c8c7,0.04012727871451699
ck_5d8481e2b38bd99d,0.013009786261896729
ck_569b83668d74042d,0.048191380055757516
ck_f8b6069d7577fde6,0.034888733507368555
ck_837cc7fd48453a01,0.007645593769265315
ck_2973b8274f0bf69b,0.012716653900523312
ck_69bd0b1abea7e1f0,0.21767501256493466
ck_fa0b234481cb57d3,0.033078774585498974
ck_cbeca201dbade3e5,0.016328245903636886
ck_05a00b1dd5a03359,0.0076411464801426285
ck_77c0fb524edb4a94,0.01780141710954089
ck_e64f0df63e1be595,0.06615007147456221
ck_5c7ad6e731b69333,0.20393545493048898
ck_b657ae3c146cb7bd,0.026321109210210802
ck_7dbe24ba01316775,0.03314903970411864
ck_0e3f80c1553c591b,0.03500902287943995
ck_3edc45db58760d76,0.01008118221490337
ck_24ff97ad90bdd69a,0.09111041676038613
ck_263f6c5ff26b5e98,0.030266872050890042
ck_437afe412ea4259c,0.06316764138592809
ck_ae8c9163cf957d7e,0.019607960410077837
ck_3f8571d4f7420b2a,0.016566362257865327
ck_e6465c56b337e6c2,0.037109138909482094
ck_7dff6abe4bd644dd,0.5481113563804231
ck_27fa694569140345,0.015442925539822853
ck_cdc55623cb16e6a9,0.003083729494528314
ck_b08b3f089138c901,0.016251547717930147
ck_79da63fc100830b5,0.025693166295412375
ck_4339f86c87289222,0.3758335508825911
ck_38ea56d43afa5660,0.018135914790656578
ck_33ecaa7b892e73df,0.01545743259971584
ck_dba767885bd6ad69,0.021142294648900797
ck_b109ec4c63503030,0.010751426916605732
ck_a7f522382509cef1,0.014118878247172072
ck_d9143e236eef177f,0.3602890025051154
ck_f790d91e5ff0eccd,0.10109780805944128
ck_064013b0957d87a5,0.9894686743758092
ck_643f549b4ac78a26,0.23335010806073483
ck_a07e7409d6d5aa06,0.01890082028009499
ck_c37f03995f0f0169,0.021013182885798766
ck_8929d2eb09872052,0.030106632432324115
ck_27f20337bef5ffe0,0.04308479003245836
ck_7c67b73196e3d0d9,0.217706368532426
ck_e30db36e376606f7,0.18257065287882138
ck_99b4f266b61ae7ee,0.0385817270829662
ck_4072b59388976896,0.01220873516742859
ck_21c99e1d6b881894,0.02796577628802608
ck_ab2aed614ec1cdf8,0.07431256051196204
ck_a8cac8d480306839,0.011015838447392928
ck_36d37be780c1291c,0.008857541462067136
ck_7b3cc6cc3f250f39,0.007870464208597187
ck_b6673bbe61d2680d,0.02607070258290814
ck_c251898b5d51e3b0,0.011967608268504706
ck_69105f881da3c821,0.009260382099892243
ck_adfb8472d5c3d669,0.020667402311697693
ck_4a24ad61d017e1ba,0.02245034623137021
ck_15ccbf8ff7d14086,0.008032945221676076
ck_c4bcc7cefd40f8e2,0.015886827554568578
ck_8d5eda29a2cffa3c,0.0463358084051929
ck_df65967b8b40319c,0.016800948348730433
ck_329f7de7279e74c5,0.010791711332046566
ck_d5b8e74e7ca6355a,0.0278226483982543
ck_faab769cce19879a,0.05756969094200437
ck_9b552204498b6762,0.015618283902460858
ck_c7dd84401e29a7fc,0.09212300077689979
ck_14436a409ebcc90f,0.013842274251372537
ck_f09165d73ee903b1,0.01682936177491066
ck_3dd542c2d31be2c0,0.018345466983789204
ck_8afc1112c12f5402,0.014869823359346022
ck_4682fad271d47eb0,0.8156092035675878
ck_9bf0d28119fc42c8,0.055718557733339405
ck_4610a073bb54d1b1,0.015731784433612037
ck_f781539b1042dc83,0.020575030004138017
ck_3199b471575aeb3a,0.005333929334987516
ck_51d3e8dd7465c015,0.0021599608219459777
ck_bcfb7ffb7cd428bd,0.031117272947651303
ck_8563fed6674afc77,0.01706463106023754
ck_89c8b06aa8c84b2d,0.04292106896467691
ck_9a2fcccb82da663e,0.013138601772292284
ck_e7a3cfb9bf908e80,0.00878304636206807
ck_d99a8b4c820eb46b,0.041921135089166964
ck_ae2ab6be219219aa,0.026875547461584038
ck_a0dab7aa9c4a39a9,0.021948390520422124
ck_604e1b8a8c693aa7,0.058223193186936424
ck_17c4296276448afe,0.01324377507640032
ck_9e9a830785112a73,0.01925037731580668
ck_2bb49dc2388cdc1e,0.06399899006645401
ck_bb303568b6915205,0.012542867093809614
ck_ab1bb02f6b189304,0.14025531627873594
ck_2675e7a008e584a7,0.1328563728492416
ck_9880410fcd10a28e,0.03251617779603675
ck_e73caa3771ec5e0f,0.05861673126285085
ck_74928f5f91aa12b2,0.06541549789140692
ck_eaebaf4d28400fb8,0.020828022841968344
ck_ec5ea81cf813597c,0.010199290144551874
ck_423ff4ede6a9f066,0.1322616655995205
ck_205c107cec528414,0.20738504868648022
ck_1df66f537496ca59,0.13806199180818393
ck_3646515079e6be55,0.007773331524228535
ck_b2c896beec146477,0.04880187697218672
ck_d80283209c963f11,0.019828939648668293
ck_c4524993ec31dbe5,0.008685022809912912
ck_9f7807ed64cdb728,0.03814299915514192
ck_8550f229b5eb03ab,0.014535812171608676
ck_4199342d3aca74e8,0.0540952658089478
ck_3135c019696ee6af,0.957093934739294
ck_5d01200ba3341462,0.015091771033055089
ck_a54dc042ebb7c766,0.0664420390602783
ck_ca5b1057f8248f73,0.01554620934712554
ck_1f7ee7b23fc6f2f4,0.07267846795575333
ck_92d782bd9ce0d1e3,0.02606645634122311
ck_7b35d218ed0c5a60,0.01052454650553544
ck_eccfd552aa652d3c,0.03295427011754234
ck_9b6ee35e8cd0b11c,0.03727090097012904
ck_d838491d3d4f5ecf,0.02382088976035306
ck_3a34c3ac83cf84b3,0.05025849466843151
ck_c08f622bcd6de6e7,0.038651404972029346
ck_2d634e3f24681c0f,0.02362690598143499
ck_956b5af6d7d86c65,0.8372929614581908
ck_9332bbc7125219a7,0.008727183332647407
ck_8007824431fa803b,0.04683085295756571
ck_54b087bd873af8b8,0.008359180749059881
ck_e70418b00cbbbac9,0.043939106510035734
ck_500948a8d4bd8e13,0.017167026623444825
ck_48e84b0cb0b90fa7,0.039328999794000154
ck_1917ef3e6e345549,0.04949249033267373
ck_5c33bb46c1a5945b,0.03085871834309336
ck_b51a58e7f032c9a8,0.03153592133393617
ck_188fdf2be7c92e9d,0.990181083984044
ck_4a103f8254b366f7,0.0846097100031193
ck_4388abce33ecd01b,0.09680583389493735
ck_321e740066fb05c3,0.3073149622249819
ck_c93def7392f0aff5,0.08427706440703338
ck_8582490d6e365a63,0.01067768203645277
ck_bfa17a0b1760e616,0.014674163217827515
ck_65a23ac8e44eb901,0.027912776834845193
ck_bcc9cbc9ed8b7c31,0.01197321058453744
ck_6426427efe3228af,0.03181557173757957
ck_eb264d1b180d4b4c,0.13119173802976788
ck_b7af9b2ee0eebbc6,0.05038431818504571
ck_79557434c129ba52,0.05604140745137204
ck_073da541ec3f9d3d,0.03795330505305595
ck_96dff7a09d45f116,0.05585134371653104
ck_8ec86e853ad52828,0.05027694426120629
ck_64f5fba6af67e024,0.037611919770992264
ck_e0fb11fc9dcb34e6,0.0032044168695436028
ck_361f535599110201,0.05186614787754727
ck_34b0988a97d96902,0.01873520849126857
ck_337c5684510cf432,0.06750558662052765
ck_258d661e450ac870,0.01736312595013334
ck_6b55ec4e87a5e22c,0.07212008029854242
ck_638df9e8a22dfe0b,0.009759594571255055
ck_e36c8da1bd359960,0.049781403150013094
ck_73188a826b5f499f,0.012104784124744255
ck_286bfd719836e9f3,0.12302041206643397
ck_a209a5f7d172125e,0.010832214135366029
ck_fd0483639811f62e,0.08862858264993694
ck_0d16d9349e4a9e08,0.018082024877387318
ck_fcf5d4a4748cdd53,0.05969030071636978
ck_61e1f7168cd9ff25,0.034692384018887565
ck_b7f4baa2cc82fe61,0.017690760650017342
ck_437f9ecd2016a1a8,0.014239481945272105
ck_04219a7ea798db51,0.12576794802453753
ck_644b1c1149eea9e0,0.01400213271844769
ck_bfc82b3c1c9f2897,0.7676688145355289
ck_9cf44eb0237c2429,0.022461142729110095
ck_2106e509d77fdb4a,0.4328549301069407
ck_49a0efb5d4067b6f,0.15366572836022233
ck_82f360df1e9f4eb8,0.04619776132765198
ck_9986c7d781ac6b4e,0.016585096730203915
ck_c8413898f5f7cb7d,0.03675464624344787
ck_b3fb83f0d772a831,0.03328589379173756
ck_a2299b4f530be0d6,0.1457498813860156
ck_fce0b6855886a0b8,0.012010393201672385
ck_162513e73782929f,0.03341906700715318
ck_3e9e3bba8bd363af,0.016793849060737037
ck_88cd35378075c84f,0.02006154451802651
ck_20541686a94fb71c,0.04860732020202714
ck_fa80da579ea9afc0,0.011742649946079204
ck_7916e53daab36745,0.08942546433553583
ck_121db7ba3be29ee8,0.01519254364124833
ck_01e5986ebb9a78f1,0.03618256565687688
ck_6c26c12071c91ff6,0.03307670859475492
ck_0e6e05c3cc8c8242,0.012754374305723968
ck_7738eb085e5753d6,0.029325561809948233
ck_2bf10be403849c9a,0.01478805530698892
ck_3e6f35e4500d2f2a,0.007203793354711504
ck_7a9f241d5f082567,0.020136997118553226
ck_247589ff532f7aa8,0.005375051629136339
ck_d1c787c27d50af49,0.03449972362645125
ck_49c98bebd1338879,0.01341357438099173
ck_9afc3bb849f3a64d,0.02293995868731064
ck_1d40e4fc541abe93,0.11910086369047138
ck_4fd9dc00e1913587,0.9768946208787833
ck_c19371047a2d011d,0.028449807709550086
ck_7d9f73dc7c4f90c3,0.12295629645948136
ck_8c84fcde93a04334,0.1458737503433014
ck_e09c97520eb0533c,0.07010474714086497
ck_a1e13c0d58560340,0.011527554572934261
ck_cacc2ca410cbe80b,0.024511408718924824
ck_dad5cf32ab9f243f,0.11998610808093711
ck_b2cb9e6610eca967,0.012791973076977374
ck_1da2f69023ca4c13,0.014538635065555174
ck_25122cc0e8b1a662,0.06373086402953855
ck_dfee9de05e3971cf,0.02899818292022303
ck_ca54b32fca7e94cd,0.03306123670107503
ck_384ccecd342a24ad,0.03253526637135534
ck_6abf8302ce052451,0.08935703736113276
ck_6ffa90143838a4a2,0.012392455532100404
ck_34f9951b0eca1965,0.018694443516552785
ck_9385f5a1eeebefcd,0.05691991125890254
ck_3df8da6f60a89a5b,0.02269554424726278
ck_08ff5bd467226a5f,0.01655605689118607
ck_6eceeafd56b42576,0.17262977380290653
ck_f744e208183971f8,0.019396812399839418
ck_7b45ed23304a854b,0.015598290458637693
ck_f88c79186a082beb,0.036334057099882425
ck_b78d785ca3ef773a,0.020523074751750896
ck_67207e3eecc02d76,0.06312984701476651
ck_7aa8bc018c2b003b,0.016139658409920887
ck_676fa5f6aae5475b,0.1736038529665571
ck_73c18e03e3c7612e,0.032033775565342225
ck_d91d9f8445b9769a,0.3571718140044561
ck_f6a4a7ed27fe76fc,0.12155471105509363
ck_8742114f4f0cb22c,0.07583669829106071
ck_5c82444b3b9160ae,0.025376362596236917
ck_2acb54ca20c3af6c,0.03812623713100388
ck_15b93103ccd38609,0.013237614016371937
ck_16541fc15683e21c,0.06589391040019427
ck_039e6d5a330cea1a,0.04782741274578692
ck_d8116c34302021d7,0.01468471894341488
ck_e03a9d8ac94161d5,0.04138193273273307
ck_eeb854318b3a6f0a,0.015372525452391565
ck_e9f228845bf6e28b,0.03901062850307872
ck_203c2a22c0c165ac,0.024571439406620776
ck_5b59e859bed5b40e,0.02306254393627473
ck_7b61717f172f9317,0.8714105823420379
ck_114722e12db90a73,0.03029264558478055
ck_ccc7916b56d42195,0.01024622765684681
ck_2dd147ce6d61749f,0.014963078486244508
ck_9ede51c8434cff6e,0.036858903169948935
ck_88a8b1d442ca3686,0.01747435858007583
ck_36d2be9012f7909e,0.03525030820840169
ck_495d814d6d6d521e,0.007616986215385613
ck_6f5bb0c930644cae,0.9958564191656777
ck_79749eca42ff1f5f,0.014100463872573344
ck_cebb8aa8c8f62c60,0.03043774348833482
ck_349cc5edda1b8853,0.01912132463584844
ck_85df7b7de9700aba,0.03854392006777523
ck_e0983999ca26c19e,0.020981540315167753
ck_d879d645d6e44207,0.02344882158972434
ck_a6c02ae50932cd9d,0.053394146845528255
ck_50176dae5b1b716d,0.012441385151412505
ck_d6880578428b965e,0.12852405365233033
ck_f51fe59cd445d2cb,0.015804762393842084
ck_8440ef1386c07194,0.01510210589067217
ck_28cb9b03e89263f1,0.020169573518254037
ck_5ccc1a1c78cb33ee,0.03704429838829635
ck_e04166b0ce66393a,0.007625886491106581
ck_72ff52c4824072ce,0.04523520817670226
ck_11f85bc705dbe036,0.05062473030413456
ck_89f3e380b0686963,0.026370020490800148
ck_26df74feac7ec51d,0.008645355571180163
ck_a9812ff3c111ea94,0.026986221323843484
ck_bf6fb7e6470e95cb,0.01400162369155176
ck_cee4e4e1b62bf82f,0.029323160050223028
ck_7c560467daca735f,0.007060814842269332
ck_f72a5a3b0d6c1177,0.018757841677586762
ck_5fc90b4668ea81bf,0.050558413345699646
ck_c2a5c54ad8d0d297,0.009755030524948546
ck_7508aa554fae6afb,0.125274317259074
ck_003aa842b7ca1d77,0.43462380114456967
ck_573feefba6bf78bb,0.056763383147815774
ck_83b2b192f41ee2bc,0.10272756934446492
ck_64796b6b2c3c7f06,0.03521372141678625
ck_5fd8924732fe403e,0.1786167063121671
ck_1d96d7fd65f208b2,0.005974777444748867
ck_9d00823bf60388d7,0.019395994842025366
ck_0ee6965e68efc177,0.012206443560412244
ck_337e98c69f6e7886,0.009822137029366919
ck_b8e8dba20676d87b,0.09358201542024555
ck_f8ac3a0500c0ec62,0.04870382897635152
ck_577c816b41cab002,0.5451844620836566
ck_05c97fc9de11aba6,0.10792121364322668
ck_c82364d87875a1a1,0.01644885656058518
ck_e43e53cc7b8b8e41,0.020045609656608045
ck_d07c5b0321c685ea,0.10790888754232944
ck_16077ac345472e6a,0.011820319973509998
ck_e07fd57565c94c28,0.0490910462329331
ck_a4d6e152b0076964,0.010520704072940474
ck_9929723f65636c7f,0.9816564706192972
ck_d90b1d03ae151f62,0.01015864702921799
ck_a553418f2fba1440,0.008101719014564794
ck_105b0c93573fd5b7,0.08898664870882796
ck_2a01e610348b84f8,0.05230199113170799
ck_df1585c7d72a96e0,0.01933136143291446
ck_df520a7a6e405889,0.06896873768982031
ck_2d9524787cfe1ab3,0.0693820917573511
ck_7f15b50b29dead01,0.04609568450573057
ck_fcb2a559474c3493,0.02330648482292868
ck_e5ca550b39ed45bf,0.10311190788566867
ck_d2ca47180a926ba2,0.018052699081165847
ck_0a93ed76bf36c8b6,0.05200178553272794
ck_406c4442dee45cd1,0.0167547784720142
ck_56de216eda6b7fa6,0.005376465062217214
ck_3d56b477fe2370b6,0.0382531636481973
ck_edfe8e90e8f4366e,0.010234129993776207
ck_2096d32f3d497ea1,0.0653988063635172
ck_c18245be844680f3,0.0829185042349869
ck_0253b3e7be021306,0.010479649802736982
ck_fa5ba9ed9ed6a343,0.015021985242862025
ck_c9c99e5b19aeced8,0.007423434813674763
ck_14b4bf7be6ac2b61,0.07236238819329953
ck_b7df99aecef385e6,0.21018817803589818
ck_17ab3068fa303682,0.030349869580762048
ck_592a3520d841d11b,0.0228899504861961
ck_094974d75e29fb2f,0.10111501347685593
ck_6cfa71d27fc27f92,0.02925490020304781
ck_f2ddae2eb1cb29b4,0.04728665064402813
ck_1757fcb0e6e3f88e,0.1035641157704719
ck_7afefa349b960a3e,0.01759579645109399
ck_487f7fbc290e4ae2,0.02452485908820323
ck_28dc0de0ae291f37,0.025586331931096426
ck_2c2f080ba185016e,0.038154116035151626
ck_f4a2bb10afa85743,0.01967278781661744
ck_9ad08fcc183ea1e7,0.01213604656798942
ck_d08e00c842b75176,0.018546600014390433
ck_a3be871ca22ac416,0.01369169284125669
ck_ab70961e7c6695b2,0.00964795103328563
ck_c6200734c7f9b2f9,0.30598689922197325
ck_d0f470f8078c91df,0.031664508758778305
ck_11c7a58e09e6547b,0.05003071297918889
ck_2e0eedaaf2980c2c,0.059286382539221305
ck_0e2bc3a5afa439d8,0.039118863556930325
ck_c416357d20238a4e,0.06106169325724242
ck_f0c44ee5e3a42e3d,0.02683926805899868
ck_8342e08cc2f9bcb7,0.02138268588040997
ck_93c0cb3dac4891fe,0.02825940536767806
ck_5c5284c45d9ad8bf,0.048036085180536925
ck_3954b7b0fd1d6614,0.00730931617982125
ck_eb1ddfc353b4da83,0.07781130030435035
ck_ae668e4564cd2aa1,0.02513812045441957
ck_d89abbab3d4957aa,0.03369889067151191
ck_364f8203a3e98d36,0.21303997252365564
ck_004fe0daecbe2c1a,0.02854630498670401
ck_a31a64a39a2c4941,0.0030788012380299624
ck_c49f25dfb39909cf,0.018550832666451765
ck_4ab74a6e7450416c,0.025873934379186055
ck_55f50a9ae2db8ff7,0.02058519516471261
ck_7a86ef4e2beaec38,0.011481881393784215
ck_f67ee7910d532216,0.026117887650507075
ck_21860dd2159dff28,0.04150942980851197
ck_63560eec94b76d2f,0.019672023945530415
ck_dd78cb6ae2866cc6,0.02767149182029972
ck_c1f4509c8f5dac5c,0.024666775485454547
ck_b921af37d500e139,0.03886606973739862
ck_e23e50e02cb3904d,0.05699489776373623
ck_80c4e9274cf976b6,0.9811737409653482
ck_4c352dd3e7c81269,0.018017133171444082
ck_1cb6dc67f9a321b5,0.06886752900817907
ck_497ed60723283c0b,0.10666334510690982
ck_db23a5100f338d72,0.18531153030973319
ck_57658eda1c59bc52,0.002439768562139873
ck_94410eedfca91304,0.03708887743284611
ck_eee99af3598311b8,0.024948390492841522
ck_832341c98254bd84,0.02324791737883275
ck_094d10439b7b4eac,0.02602848666609458
ck_2493ee8e7b91d304,0.04208057366842584
ck_254a7c97c36dab8d,0.026903279808244862
ck_f268416945316815,0.011691964410919232
ck_59e77e3a81f1fa0d,0.03197348178685759
ck_614ef655f0685060,0.02887547793649746
ck_04d2ea38ee27770f,0.02507727550288165
ck_b89c6fa2ad0a12f5,0.04742014524704462
ck_1805fcfc4a9e4ffa,0.4065100828109498
ck_3f5ae4673a9f858e,0.05626499847607363
ck_ba88a244d5f7380f,0.011387229194060652
ck_fc832b0c90c9bdb9,0.6669084392546569
ck_7109923fd7dab20a,0.021065859853477423
ck_a97b481ade6f7972,0.014249566427716192
ck_f56200205280bddf,0.032288930979491315
ck_754f30ea19df857c,0.019694310275921504
ck_59fd11b3232de9dc,0.760262820918538
ck_7519260415c2998e,0.01950320283613046
ck_b7f5acf5df1bb13e,0.01201029023528721
ck_46656a23f4456d22,0.6609971705217698
ck_994316fa5a02b319,0.017227108630537738
ck_ccccb17d2ca6ce94,0.0455667387204135
ck_269f1746f2609ed4,0.01226531027953848
ck_3521243bdac61178,0.04368404325908624
ck_cf920313f6dd28fa,0.027710365584098985
ck_75d2a2715259c4d7,0.07939934514754513
ck_616cc31910f5de50,0.007532074365733537
ck_31e70f2f04b48b88,0.025365924406578498
ck_76ee10d6e2dba70f,0.05792417799272158
ck_05b2b04e11d9ae9c,0.02498964481814602
ck_8089fe7403c5f537,0.011383696754753675
ck_3209c530c9812e39,0.10001158359838659
ck_fbf7351958ad9615,0.0332632469852163
ck_0adcb1fffcb0a34b,0.057030616320255065
ck_8f6ca5d3b17eac6e,0.014556494954703295
ck_77a40c7d2f862a32,0.03382530524311971
ck_73de0b49709e5f8c,0.04358786100288036
ck_e3982142336782df,0.03147846380516442
ck_c6a7bbd0adc4d5f3,0.04176292254190267
ck_fb04ecbaebb774bd,0.006357412023981323
ck_de7259c3741db179,0.024950777977190895
ck_b6f2a2fd232c141b,0.2609059167179432
ck_91fa5032f7aff0f1,0.10141988363984324
ck_c5f8ab515840a0fe,0.013562043543549077
ck_b0f8f5408662337b,0.0025592074690387596
ck_eb4f4267e24d042c,0.05308432024558208
ck_8cd1b68dd74b1375,0.08959056809905634
ck_3398551e81dbf3db,0.02449138390786431
ck_9a881d5433126ada,0.0754728259932085
ck_9fd0be2c018ff5e4,0.16559071235257009
ck_364cde38958b7af3,0.12603109168538013
ck_8c95aeec6a4c75b0,0.021526188204275484
ck_2595669e421299f6,0.014295090601750214
ck_1402d24dd623df72,0.012641253862623483
ck_5c2d43ff841632f9,0.019278939218846068
ck_791d5392bbd80447,0.003323921906140918
ck_f6e9d14dfb6f3c28,0.04770401666831059
ck_18df83242ff3cdbb,0.03746128822920126
ck_c363d3b050baf3b8,0.07492602405284787
ck_f8540cf3a8b2f8c9,0.03849922539888642
ck_dbc487cb0a6c18da,0.2677196898260517
ck_98831b57c7ca2e4f,0.021358608813307957
ck_a6c7b8d6e8596d4f,0.05627157658009406
ck_13f2560c6a1ec62f,0.021441212943668273
ck_6c48c58678f64bae,0.024188560191672596
ck_e0346d5081e640e8,0.02806939280749318
ck_0c9e420f97baaa06,0.7882389188207637
ck_da06d97db0b18851,0.00631994203004268
ck_6e4f31bd108571f0,0.012379901591048938
ck_120e995d50956bee,0.041141254009403376
ck_cbe525da0b69f18a,0.032459940890238154
ck_b62f3e3185251f71,0.012828170612491852
ck_1747fcc466f0ae38,0.027057631525046585
ck_c6afa913168ce8fa,0.054137512749678596
ck_e12a9f7d027e3387,0.014093177259431735
ck_ddf787359d2b5deb,0.0127135268600441
ck_e1140be6157bacbe,0.016225025069575228
ck_47d3e8d1dd3fbcef,0.009401491202588727
ck_f90293f1eba5d7b6,0.05172737137539248
ck_2f6e64f638da0f97,0.028603846489040383
ck_25dd0b02af5b2f37,0.06156530757043824
ck_a2637e4872cf4811,0.11475180196582523
ck_2ae44938847f3852,0.012040677563338343
ck_8347455ab53ff620,0.005882441002685155
ck_7aa2deeda0e57412,0.9845481462965264
ck_f9c4f8b4ce2691f0,0.009423781414641957
ck_e5f7b99ba6ec5767,0.03262142441028195
ck_59371c9140239fd7,0.012011018645098008
ck_3380d60067b4634b,0.016399854378380315
ck_27466468d06db4eb,0.029663511370737635
ck_16d2d27fadeeacf7,0.0031530408795623515
ck_0d5c0736ec76385a,0.010995526025155118
ck_8053f1879a9b4e43,0.026848043482703962
ck_ecf9794349eb4b3b,0.01648215845369577
ck_913ecdeeb8e21a9c,0.007407749088723965
ck_687eab3ffe1f8cfa,0.03849922539888642
ck_e4459115cd8e5e4f,0.023494781314942675
ck_1964ee9db929a173,0.6523069735890128
ck_77fdac602d0c6f95,0.060335657337715794
ck_1a28b6a40a6bd3b4,0.04023655731268174
ck_bf285dd49f372de4,0.020862013351271885
ck_eb6baff0f85ba936,0.03693488470736112
ck_a9bf75bea912027b,0.021942897927677067
ck_bb4aec09d4968dda,0.2089677309066024
ck_48011996d54855ac,0.0697142923410825
ck_a1b4c96faed3e0db,0.028867766394268815
ck_8cb20053914692d0,0.033277023414993126
ck_5f52728d777ff2c5,0.014241673260493647
ck_d66f42a269d5c1ed,0.03951830490351039
ck_244b897bb4d57c1f,0.013422588766269837
ck_4eadbe7298b15e96,0.01134690710594008
ck_179039559ff7566c,0.04184449688050038
ck_a60fe02fc04407a9,0.08404325539665808
ck_baa47383ffd50f04,0.013500854836073686
ck_3b1766a1d51f8f0e,0.1891938761583265
ck_abc54ed7111e9ed1,0.019417095582882522
ck_2a46b7ca55239413,0.01446654677481836
ck_4ef9de711c3d93b1,0.021706923818611692
ck_ff822700f3605e06,0.9972663734298125
ck_783fe5bc20cd02db,0.020804759156810446
ck_ac9d3d9754104cf0,0.01721238092908744
ck_9800c21dfbd8e811,0.0662358253394892
ck_454b9e21b7f25a4c,0.014820905829820933
ck_17946516d5df71d7,0.07083911675031399
ck_b7e7f7d0cd886412,0.035456950662946025
ck_9eb5b3f5f672c2b1,0.005690866447359197
ck_089e3a07abbe3b8f,0.014135264961183907
ck_6a28ea6ce69cb869,0.051224838676273865
ck_3be854e42e76569a,0.062319884435282684
ck_d3e2c26b8adff099,0.013121700840950372
ck_47de038381a9cd65,0.0166469029809249
ck_e26a6659c237b650,0.014493896885068764
ck_7cf301d075e4e709,0.3702097345469937
ck_c56a44fe315c0389,0.015606687371351022
ck_0e70516fa07cfb17,0.8411610137761382
ck_d38f941d09eec820,0.09317592285536065
ck_d6a290ff8362c7b9,0.09869598976295803
ck_cda72f597330d0f3,0.03148952464125227
ck_7c4f12d70f184533,0.019359142056883535
ck_bccbf9fef367f00f,0.020244004087494532
ck_710f867a3bd5898c,0.028313871011728133
ck_be05447853d423a9,0.007719966365602444
ck_0414507baeea936a,0.01382852808820805
ck_60796eb60fc3043e,0.037550106275913445
ck_d0b32e039abb8200,0.011994074450498998
ck_9060f4e7ab7a1b0c,0.014747901103240297
ck_1e0841ed17fe0562,0.012764548477395396
ck_d523f0e50a2747ad,0.009697314688925016
ck_e322da8b213eab52,0.00530012607258864
ck_54b0b070689c50d6,0.01993599360949042
ck_e7dce27edb700f27,0.013036595079125881
ck_79e45040dbdd6447,0.04341776097150984
ck_259eb102342057ea,0.021852187446658348
ck_cd92852d7376a4a8,0.010672851746360889
ck_a705c61bd679496f,0.04028173366284417
ck_4bfeb78b47b7c6a1,0.030781250203089108
ck_f7112818a6d81422,0.036817302824407844
ck_c2504f5a113433ee,0.003461968016589277
ck_9915ceedf63a5289,0.09452791007200033
ck_bccff46fb0868454,0.11226483811081205
ck_db8733fd92f20cd7,0.04996391178165261
ck_8f3ccbd20d59f1f4,0.018668985906442163
ck_f77dfe6512eae322,0.027799741660653306
ck_957fb25437c75e41,0.05663984292585342
ck_46225858a38b2e57,0.014370960124463646
ck_f637fabf0f60528f,0.06142182500340507
ck_e6a6caf6e7de17c2,0.07967105578822166
ck_f7bc569b37e8bdda,0.019843286267137324
ck_e739eaaa7a1822f2,0.028688027751255837
ck_8409716d174635b6,0.028615840773070705
ck_04e40f556a5062ef,0.010997309106853651
ck_fa3b1e85d27af2ee,0.042238340717426714
ck_703b375dd86a6124,0.025532478818118064
ck_63ce4f44c92d7143,0.019312755968547896
ck_0d641d32658d6e0f,0.041449036043978815
ck_6a2c4edd82e10969,0.005094916536743992
ck_4c5ff58afe3d7a67,0.013969673612561828
ck_6b114f2a48152b96,0.04595023426214494
ck_e842fb0cf055a83b,0.15926426303679292
ck_53d17ab97de1ac3e,0.0173564734835045
ck_8bb9e75393954a1f,0.01595672525770533
ck_07cb2b6f2a4303e1,0.020885874113969895
ck_31631e2028d4f855,0.01327682332835439
ck_4bca22b5926b9c28,0.0031443873954180666
ck_1631bab0ba1256db,0.013839636856613866
ck_41d91dc9f5063566,0.03250477460540438
ck_cd78f0832a09bd8f,0.08393380359503463
ck_d5194f2e92fd6427,0.012873014115370767
ck_e25f70d0b7229420,0.02127229538938188
ck_1496568ddc3b2d56,0.023370072196689122
ck_53a6a33060d5c8b8,0.019621617121711392
ck_1dbf1f15193197db,0.05544874512149018
ck_5c85d93ecfed4b0e,0.024741502441196897
ck_2b359a979520276e,0.027080400219780545
ck_1c93cc58f314bf71,0.01755249456849709
ck_9341c7959543c542,0.027503658164822642
ck_1da9d40837ebaa57,0.022980539574910894
ck_265accb3c5c32620,0.07702641815328122
ck_ec4e597f17f473c6,0.015294018592805709
ck_612089ec90c37219,0.017223223277998703
ck_c6bf67470f526771,0.023754222788118617
ck_6eda4c36aecad602,0.036518980721540605
ck_e62eb708d2688fae,0.012391121563017745
ck_e21a900556b382ad,0.01781630156285872
ck_fa3a766e49dc77ae,0.022021624488381245
ck_18a55b06ccccd88b,0.01704104580790293
ck_6ba091eb42ffa9fb,0.09218221016028055
ck_7b8cb0f90fbdc8c6,0.008119003387947838
ck_228a583f23abff48,0.022935441468853006
ck_a3ce05e9e5e32142,0.022910794584862164
ck_fb4797045077bc6d,0.01397916181385467
ck_5fdafeaec036f016,0.016019683555697068
ck_e9e8cacd2fa35e79,0.028819268644363308
ck_ff182f033134dbb8,0.03146979206483218
ck_0cbd3b27063d4415,0.11408672470423424
ck_81709736281fa3eb,0.02896771540166469
ck_b0a0fb0ee9ebf106,0.0328856210095553
ck_2faf7ecccc9fec58,0.009429944864991192
ck_d251e9fa09e542dd,0.9946292173935195
ck_32f590e87bc3d715,0.0041722234774817036
ck_20de8abfd8960ee3,0.037440835760113096
ck_a60e6edc48e3d0ac,0.38258127305199463
ck_905e460591d9a278,0.08319557205651962
ck_2ca83dbd728af019,0.017466134684171724
ck_7061786fe2f22f5a,0.03354479611665627
ck_821446adc95e6da5,0.015314306528809926
ck_b1182471d9ac6b26,0.015267152008347183
ck_59d380a0973b3951,0.024013624908742894
ck_f7fbc95ebf584379,0.015309917454001055
ck_8e9faf94e3e6c757,0.008248195587848766
ck_d9ba2a6c0d926b4d,0.048528509011614554
ck_4d3aa36ff83f1132,0.13029706522876994
ck_db906debc36a5d1e,0.035782054927116294
ck_329a73dbd585ee09,0.06887184644012873
ck_f6aea576cde8d592,0.0030359397907649653
ck_c40ffefe4e30b001,0.04525465457380725
ck_501dcf1ead036d2b,0.15571300736136706
ck_8247b79ac67aae7d,0.026550096858461127
ck_e48d14d5b70ef5aa,0.02323410258200263
ck_f3ab5dd853d38252,0.026976944226858382
ck_1a0aac7f7b94b1be,0.14193091259722318
ck_d4c8f0d957c3965d,0.02430178455535564
ck_9e3896c2668ce06b,0.02336214308497197
ck_227602ad072b838b,0.012795110611646726
ck_9aa899a5230b0963,0.030297290294618126
ck_344b2e326a6c3dcc,0.050262238270108145
ck_baf43bf1bd963f9f,0.02479985966284675
ck_e6c584b4b1ad6d9d,0.02290316979406744
ck_ab9f0e08af030060,0.015202796913219085
ck_5ad798286384484e,0.03150846333804206
ck_ae7780327e210522,0.011697984752213224
ck_185f15b1523bbcf4,0.018333574501730135
ck_bf378ea558a4125f,0.386951314230848
ck_1325000bc7f35b5e,0.012609106721106638
ck_98e1992ac8e7d2de,0.04380938119365969
ck_71fd8c346fde5cca,0.1887480759907992
ck_47a884dec960ff2d,0.2093034700419358
ck_2dcbb71e39d64305,0.023137780924115964
ck_d546994fc5d3e9d1,0.010463175802014639
ck_c2c7d1e45a521857,0.02621916806799028
ck_d72035cb29db3aa4,0.021454985301719985
ck_a0498755cd8d7188,0.035268761510264555
ck_a9aa389688ee5aea,0.01737971886283118
ck_ff24776280ceeeed,0.09262011557566777
ck_124432fd5c92af7e,0.8332662396041685
ck_b27a9e39726b26d9,0.017574517334743363
ck_c4a72c09f2fdacc4,0.01823981030805656
ck_bf47375e41ca3bc0,0.020201085309073736
ck_4c518637db2322d5,0.06839174290195149
ck_9e7278fc7679f002,0.028958997845107644
ck_b9facd2210daca5c,0.0607014185998665
ck_1c607e24f2c4397a,0.04010931485007025
ck_b1e81b58b9a545ce,0.041252363590760496
ck_9d5049e195eda029,0.017826960047934288
ck_29076a13f539187a,0.25783188364734105
ck_00013fdfa0bd37dd,0.006572324292068507
ck_b6675a04df1a4276,0.03871685699838224
ck_52427b3f8478db19,0.036928203538084604
ck_3b810f15ca0eaa55,0.022040602008109558
ck_0f6d916c92189516,0.04299739508414407
ck_b3dd1198ac5aea73,0.01637255084021166
ck_9776cd8263a9f415,0.03625675597771426
ck_7d51c86e0eec72ac,0.013250604018097955
ck_bc2e771a1d8d2dee,0.08029028300513781
ck_c10e54c9db29e6ef,0.9943188511484139
ck_7184ad7709ae4c80,0.03461736793879534
ck_e55f5ca37f30ce8c,0.013662071175874405
ck_fcfe06e44d09a344,0.04458699924387375
ck_ab3426435b0017d6,0.0970723202959916
ck_c383aeabd53e9c89,0.030460704730071186
ck_71bc01291e0533a0,0.11515247668825325
ck_8220da627e9992a5,0.023900717249552655
ck_91d417507a8c58cb,0.07018882427663836
ck_79d6793d1d0cf43c,0.016882251104334004
ck_8d84d771a21942a7,0.03290219116895855
ck_b046a42684468e63,0.013407955284603439
ck_1058129ed7b48c59,0.015849204860377906
ck_962e65ab33b5c311,0.8470530381596293
ck_3ded7a8720d7e311,0.029723694119198386
ck_9da82e567074da9d,0.00662571188950592
ck_7b1319a5ca2f63c6,0.9408512444837825
ck_2cfb9a7775e8a5bc,0.9473950239304673
ck_6846100e43659bf3,0.024038411697954776
ck_c72a7d0d03cf3e17,0.06118733308835029
ck_fb00aae4e17740c5,0.011084345128013266
ck_2770b0400a7bef08,0.12216731018279242
ck_b36086ae6d87eec1,0.024303507828302654
ck_ea2a83ccb8d57490,0.010765758330524653
ck_4be03a2aa62b93c7,0.026968851511133624
ck_2786cbc3e75ec034,0.0355059110572167
ck_ae1da8ee98e402a4,0.02583070657382905
ck_b5e54e22e3d6960a,0.007204407437108306
ck_3d139692c51b604a,0.09576986830541367
ck_718a8390b3d42d7d,0.015007794193377312
ck_62081bc35aa59931,0.0195716002252556
ck_7c7266f6ef2a8466,0.04810900860695566
ck_885cf685a9541190,0.6971267156151817
ck_2857a4ce9f72fbfa,0.022725449817226583
ck_0ffdff7b2f5fdfe4,0.033202730537620274
ck_01a750db6fc1168a,0.07992960120173978
ck_7eb4f33260f1dcd4,0.009822102594946456
ck_260ef2f3e6434819,0.04071588201116299
ck_544a9e80b7fdc279,0.022190678305969356
ck_97d4bd922996fa10,0.12823368354472706
ck_795c49f312640019,0.003915188547177198
ck_0f8cb09d3f4fc980,0.04286063663744375
ck_69eb0b2ccfbe5f95,0.009794146405667718
ck_44950df09ff14ded,0.008435448805775791
ck_70d19d5650ddc8f5,0.011402662396350082
ck_da39653add0f1109,0.030101123263188385
ck_b7431d4706461ec6,0.012648058676225406
ck_2f6a639468f41043,0.01132124245241996
ck_5a29b7018e43280c,0.017211673471132654
ck_18bc51bbf3ef198e,0.02785200141631248
ck_5486768475af7bb5,0.5846419064012447
ck_edc9668282e3c8cb,0.011441627881422814
ck_b64c87d5e3b10e6a,0.40790303865748556
ck_bb399ed6bf28c230,0.03205985389063831
ck_7ea52b6f27edcb73,0.0402832665048526
ck_0789a05e061b2784,0.37609916945750904
ck_29ea329fa40ace62,0.022528511600501674
ck_0034d010d28aea78,0.01877166984821047
ck_b52b99dad89ecdfb,0.014371810091507316
ck_e7b583acaa3171a2,0.059875615117581715
ck_d2d4282f9d256b3e,0.03529738255913409
ck_130d3848b9dcdb05,0.01732517763624169
ck_4fe4b072f03f2c1e,0.007047519107428058
ck_16801e628e883d78,0.024580063268925804
ck_610c7bcc1cd7ecb0,0.023395092036688398
ck_34d6d74bb3ed11e5,0.021515022094486077
ck_e87897767c612942,0.013715179452116418
ck_d902183f80cc81fa,0.01484796103577745
ck_df69858b8a8b3165,0.012246577418483336
ck_90489c405e6886d8,0.031012152388477383
ck_84d07028b5fca2f6,0.02139370923925805
ck_d96c893721385e4e,0.024021995544114817
ck_f65ab819373edb37,0.022830711201497697
ck_21cac21fc10b7768,0.010061549360928006
ck_a0255ab46e122d2f,0.03857633086769546
ck_084322dc5a3a86f0,0.005433610680853501
ck_786448fe3004cbd0,0.008147225654360591
ck_e155cf506b2fb699,0.006667205127202907
ck_5984be472d2bc267,0.05239485587540002
ck_dc3d8b5c17b67ae9,0.036757212681590413
ck_5ab68b434ad53fea,0.002572950892130592
ck_2bd73d9098504760,0.04545588030653961
ck_d21b38231a8a9f4a,0.07000244433683567
ck_1dfa91405d7e66bc,0.036210076202294716
ck_ecdd01a391610d99,0.038605134276644776
ck_f928dba0d587d7c1,0.008825739746202066
ck_d87e26eb5bc84b01,0.009220357399446247
ck_d66d59981307db93,0.021048782227370354
ck_07f1734be7fac56a,0.024596393787398963
ck_a9b0c4dbd7db6a91,0.0422084284365827
ck_1587763dd54688c9,0.049254885936345104
ck_dd30558576b45e7b,0.007774297293109353
ck_4cedf26628c84f26,0.07690773857689867
ck_a2d709e7eb91e4af,0.03285133682744211
ck_3c48e0cfc2a58041,0.35476139205309176
ck_b8fd61a8e82bce32,0.9706484591582443
ck_7a1519ad5ff45312,0.011616795285570868
ck_9dc23031b6b494af,0.03618256565687688
ck_9ae904fbef56065c,0.04393335937471704
ck_958acf84c6137a22,0.02291632447609666
ck_fe6e168cdbb46b9a,0.07136980073178878
ck_962c3bbf27cd4b80,0.04070310363047243
ck_df1a6edaa3e6b271,0.00747489683821839
ck_df0a8f20ab8f14f4,0.020192839292488753
ck_b0a947b498e47018,0.05491969255395903
ck_b616b6f45225f319,0.044183140525152764
ck_ba3a6be026c87079,0.028187839358991728
ck_bc7710f7e9fae649,0.026479671477850287
ck_c5eefc0697451de9,0.04619501751257306
ck_e69195a3c885053d,0.0102533456114161
ck_52e37e2170532e2a,0.08913766961701788
ck_826a27ff7555192e,0.01694576451578747
ck_08c6cc1e143475e3,0.021349756371418147
ck_923d6a0f83accef1,0.01707526296028491
ck_09a988ebcf062297,0.09271934748896135
ck_17de46314b5c6a92,0.026895601869721654
ck_6176baea8cbebbb6,0.007981865945970147
ck_e74716a525ee5b24,0.009950423575012484
ck_8fea7d915259f1be,0.03602949787067099
ck_ddc11fc481eef58d,0.017302443839048654
ck_4feb21e2fb0b3977,0.003840818519802048
ck_03d3026107175dae,0.03290775012287705
ck_6ad56ef40086dbe4,0.01035153789843692
ck_e81fc223bed3c46a,0.025618958995578443
ck_862c7953bdea48b0,0.014768415087636592
ck_c0dde2a6ef1e08c5,0.011488866850245435
ck_660f0006780e87e7,0.0974205644417062
ck_69887d0a9aaca6df,0.006319530867195023
ck_a95f212a02433d23,0.013353233580097124
ck_ce1e695884511479,0.01715610625769178
ck_ebc5a2c6cf88e252,0.05081037519312106
ck_2122e9bb1afffef7,0.012581591467490869
ck_38730aace405f2ae,0.9819283363180211
ck_5691cd6fdb6d8147,0.004519705950314824
ck_7dadef33f5e2d94f,0.9716911051787401
ck_278b36c5932d9bff,0.022590291653509047
ck_6a892dd5d05c1649,0.03495553059443405
ck_4a733aeb833406f4,0.01615412768233838
ck_953bd5de48ccd70f,0.3107248624786626
ck_3db59982cbae4410,0.12731926848058017
ck_b8d210e741be186e,0.010217734456022682
ck_7d6bff85e7a694bc,0.016298107978606723
ck_be86a1db08dea456,0.025374523183190868
ck_f761b7650a0c1a85,0.31453970539169224
ck_de8494b13adeffb5,0.047519852139074205
ck_f854fba8f4adae3d,0.04588001273365906
ck_b98e9c3ec6e7d1e7,0.01979162607186888
ck_ccb72a33cc1877b7,0.00976639971881323
ck_76997a33c3ea5107,0.00704422943948388
ck_d00e09e66ed6458b,0.1637776768835329
ck_2bd96ddb8c323d63,0.973369230380288
ck_f792586ad0381eac,0.019165507719737088
ck_1eeeee651e05d535,0.019886925084602554
ck_fdf0c5b722d83464,0.01334677290125275
ck_a823f5bcb0e4b9df,0.017357310027242143
ck_28f530aec8e77130,0.025691998785752884
ck_80b04344c98ec072,0.011942304062553116
ck_97e56e6037024dff,0.02572328881377632
ck_7c38ec898f0fc21d,0.039986502388043084
ck_205c3405045bd835,0.02219418348029042
ck_b456f62b80e21557,0.011453274940152688
ck_1d6990d94a4d2ad6,0.007500399336247739
ck_a574a08edaf81781,0.006065013085178094
ck_c8f2a1dd8a6141a4,0.027930773731570133
ck_51440f64f7250ad7,0.08541649289125273
ck_fa7de64d37287615,0.03490678359754938
ck_d07bfb16a4a7dac0,0.8746333991787691
ck_0d362ddb4a1cb6d4,0.08617747261771455
ck_292f81186358b0fa,0.03025089615326368
ck_d6e7e257751c299b,0.04103839934239148
ck_1b5b75762f033462,0.018359366238027926
ck_152671fbf8a9a78e,0.036304103515188854
ck_c0cf50eef030b401,0.01867346331793418
ck_c1466b52c0a10b93,0.021127688645188065
ck_d208494cf5c90047,0.02713135854259903
ck_7fa947a0b1c1cf74,0.05049872606702349
ck_6cdac067cc4db5c5,0.024901267434431898
ck_e3894ed88a7977e4,0.011372666812432068
ck_53f55c6e8cf2d432,0.017636598962378087
ck_a2c3e82fab520483,0.019550152059296454
ck_519a26ecf3d29c90,0.07637176554352025
ck_1a415416f620d49d,0.034810242253814426
ck_c24b47184534cc2c,0.9915563205388407
ck_b2b63ea65edf1dde,0.13938850332206257
ck_482dea6eed92cbbc,0.018200773253109932
ck_7297bff2b7fdcbc8,0.016734972873476167
ck_9a21d183524734aa,0.06259889759463783
ck_95945f48453ca532,0.03739759873234683
ck_6fc37dea4b4f35c6,0.22208058673718425
ck_afaf374009d3b248,0.02013687417266723
ck_10de0b0d86b17839,0.05704237638848907
ck_142c00f9f8557504,0.01565023167303313
ck_c0133f60d39b2fb5,0.05360425304013616
ck_864a11202e19e812,0.09626361675785178
ck_3f943f20a9da9bff,0.023461161574618243
ck_7346e4f820d9c00a,0.7225972272803264
ck_9790138467a06223,0.012283618233781376
ck_35b1939c48182a9a,0.011022471304510468
ck_11f362dca2dfaf5a,0.026233708213425164
ck_ae0a7be6b0a0ea68,0.03295567341058751
ck_0af5b7d128035b35,0.010794438024887146
ck_8d8226520722af78,0.11845116071907931
ck_de58ef6f9fe2b546,0.020035670759758525
ck_0274d881d6db82c8,0.011918106332880356
ck_c88fc1bac79fa6d3,0.09510111630852058
ck_826ee896c9f1144d,0.07390668270320318
ck_3b436cb29af99f3d,0.02581273503628375
ck_6f8102f62c876cc9,0.05553400929068745
ck_20fad010969f1abf,0.0305988484159683
ck_23aab322810b9fec,0.0034940843051073094
ck_4e329e29dfa743ea,0.5690447871187109
ck_2a7eba01ceba6c2c,0.02442711505857558
ck_9eb1da8cd35a50ce,0.01430340216790493
ck_da1a2450219dcf19,0.04681410005424766
ck_3716c6181a5035bc,0.051657888304351945
ck_51fe0b613c076cbe,0.2519664854241892
ck_8584fea2df4c6317,0.04113434941422544
ck_ea623358f704daa7,0.0780656341684331
ck_ca491debd3b32a59,0.06923297689967281
ck_18c3a095606209e8,0.011829742867627644
ck_71db4131d7efe218,0.07568069236627359
ck_a76e8d83b9141364,0.03612975861566027
ck_5d5ef9e75f65d076,0.013223963719108101
ck_683af7b1540a0b22,0.0282311004668308
ck_e8d37262e859d9a1,0.012806926458117507
ck_de5bb7a4d091386d,0.1792129146822702
ck_970c7dc195161272,0.007858873083600398
ck_80a64a7f0275a71d,0.06594195876264225
ck_04bd8a1ffaf3ffd8,0.02043574229399633
ck_77e0589ab339ca66,0.027499401057207933
ck_7baf1e55db0dc558,0.029365916308764235
ck_f05f5e4b40afa52f,0.022846338716559316
ck_dddd14091ce812c2,0.014244741750702054
ck_12c46bc52bf45b36,0.03329754306151635
ck_740d8fe8028b5a2e,0.055845983821370675
ck_cf78169633a1600f,0.018280831487461575
ck_1a3fd2cc4b4de196,0.007942630283577964
ck_f4fe78e249092ab1,0.029932560820906562
ck_966901ea9c77cc02,0.02008325681496858
ck_f9fc468915afe49c,0.025577648188951176
ck_af3f74b1d75a5d95,0.01262925467453018
ck_af70aa32c009c3c9,0.015763707855702084
ck_da645ea91d66aa6f,0.2714075408565957
ck_e15e3390f5ed45f3,0.011726126142485476
ck_5f87eb05d18186c0,0.01807458055700293
ck_a61a879dd46fc9f2,0.007400682520534259
ck_024dcab126876002,0.01776073272740937
ck_819b482bca14c068,0.16897530279530604
ck_15220e78d1545e40,0.02752007640681756
ck_2ca0020038bfec58,0.11522242817800285
ck_fb00dd5021642507,0.010036114717672224
ck_2737a72de6b700f3,0.07764265518533944
ck_263334d722ecbc97,0.38810780216874013
ck_ba1f6dd43fc8a0b1,0.018422529435373394
ck_5a22cb36d612236e,0.034275958901212704
ck_d86ccf148c06c8c8,0.015349145427751128
ck_60b023af6d1e30bf,0.11339617481549648
ck_1c8b94efe9238f5b,0.017142261688213697
ck_0284dc2b4f856b3a,0.5053587467729252
ck_72e550559487b919,0.0030470091342854762
ck_7e73e1d44ce82ed9,0.01525108740504871
ck_f8dc8473c2772729,0.033217800799989636
ck_4596624a7c01d501,0.0173840834312837
ck_04e89fbd739243fa,0.026287432641329274
ck_6149ffaf18872dc8,0.014189092426026815
ck_e0171f91cb3411fe,0.015781805478743964
ck_1ecd5516c92caa4f,0.003150844006364693
ck_21e3b3bd998745e5,0.08099611489370659
ck_05ed92a7c3e10e5d,0.013824555410867276
ck_d6fb9cc5171e3e9b,0.2204897615061794
ck_f0cf85b67a9b840f,0.033702006270681886
ck_c58bafff7b1955cc,0.007156179117633042
ck_06280e6d6d2485b0,0.009506077646706305
ck_99d3983f907828bf,0.027910929081423227
ck_05ea4440dac6cfad,0.03508989450386543
ck_5eec9ed855c26000,0.023379198628036387
ck_5ab39bdc9610f6f3,0.1446284315208119
ck_c35d444e05799db6,0.02186465094662979
ck_87cce4126e215153,0.011323686165658984
ck_713649668a7ca824,0.05955835612889132
ck_0b0c93039f987abc,0.02243456850882726
ck_6d07d6d1bd227d37,0.08588293528091862
ck_e00e82a9419ff086,0.020646622057936572
ck_eaf3b6d11bc3cb11,0.016418558264456616
ck_2bb7c17168a9d17d,0.08896208964138418
ck_416f7ac57da081a3,0.010394010066382294
ck_b60de9e97aad9e45,0.646338022525834
ck_7973edc9f22ee7b6,0.05115256404516543
ck_8452b6cf97c65a5e,0.017291771095162455
ck_6fb39b60c67d5475,0.04530664554471298
ck_785fa45e86bc5e95,0.015050095991682694
ck_3eba1fd2c7acc4c0,0.13468318266672188
ck_c10c8bcf5bcd516e,0.03151994675532063
ck_2825e34dd3e7ea2a,0.01645906106980463
ck_67f3794d93e2dd67,0.18818913631040757
ck_9cbd9ecf8374f65f,0.0201823514521935
ck_32246c62640648d9,0.010870084636140764
ck_f301f6758e170d66,0.01645421844044925
ck_885a83975cea5e64,0.019524156402835363
ck_0d2901bfe585c391,0.07253723188091404
ck_52453401f88935da,0.022360052189298835
ck_f9d481aa4f9b2808,0.44920237201189556
ck_18c179b4afc4fccc,0.031733213741072866
ck_a477654d34783e06,0.031608151710791524
ck_7310cda3bc65a73f,0.0067987103929778485
ck_c20e89afe575549b,0.025536511015319757
ck_668ec61c4c39cae3,0.010226444916405633
ck_fc2cb29918631f10,0.1314973748401154
ck_15ce50f2704227be,0.016550658219644302
ck_0c533ff2d0f9962a,0.01772225141871515
ck_5881b174e49b04ee,0.01700299424333287
ck_371bd9388b287677,0.005926587753938463
ck_91a16336ce3217dc,0.012733361121056165
ck_a760d38d1bc4de97,0.02431644839743614
ck_a9dded7f6294e44f,0.03316319744319918
ck_c8a03c516ed5b05c,0.030718419953764925
ck_25bfca1d8eaa152d,0.010058651716412638
ck_191673540d8486af,0.01425637430480466
ck_82eed68d05a42128,0.03291627625439975
ck_24b0803447211bf3,0.015323726835259269
ck_023908db0a193076,0.06592163117578705
ck_aca35dbcb835ad02,0.022472671823879922
ck_248b3659a9239240,0.03683482799688989
ck_a51abde881ebeff3,0.015849240806665714
ck_db9b9d5d30f74070,0.36102577223523485
ck_8b3401b44aaae728,0.019584347279331688
ck_0841a5c24fd3dd28,0.019084998411047695
ck_541b6ad5d2fa5a39,0.015918742706621816
ck_16c7bf94ed3e7a6f,0.004316264687149426
ck_c82897ebffb6ae66,0.00885882742309297
ck_b4a6bb4689cd7cfa,0.01707734829015489
ck_7c4f42c5397113b0,0.008560088297050766
ck_73f124f075ede0fc,0.00855108005865175
ck_7584e7bd755cb28a,0.008925860984826228
ck_9f792e7e721ff7f1,0.039323770521181356
ck_c735b643d3cbf67b,0.004618886843011538
ck_58bb02d98e2b9cd5,0.02496251659603004
ck_0d65bc749eb42710,0.033836581807275945
ck_6c33cb15b0d8af54,0.010775119995653311
ck_c7f6f45710bc050f,0.021809989362277713
ck_aefa0d8d933e0eca,0.02809873926278087
ck_c1ee56d65a42f59f,0.26292944325400674
ck_66147fb994495396,0.1827669444453187
ck_06e73afdec26aecc,0.23687183134672277
ck_9fb8e3d38cdf276d,0.8165777190884497
ck_ff3998d6858daa21,0.01642898294845914
ck_7f188aaa63d1d442,0.011747582508694076
ck_c7d444d90fa86d7c,0.5399093752998465
ck_d68d42858a55adff,0.054931513633854345
ck_fa7d5be26bf7b31c,0.06959240978289727
ck_352657008983fd4b,0.03561930298898712
ck_7476e7fe1ff45545,0.07074046770269246
ck_41406cfa209b6bda,0.020314021403437216
ck_475ebccca25e30d1,0.06386503584909081
ck_49ccc3716a564256,0.004672771126947558
ck_04470bc93b8a0d71,0.013783913935338805
ck_084cd84501012218,0.6824529272186689
ck_684609767df4a14b,0.06340413047105847
ck_3e4d02a04be2aaf8,0.04689250101501232
ck_f01af1b0c977cc06,0.009507277319877733
ck_027614eeba8b1a4b,0.009848916573484435
ck_0f743bd13373748e,0.03829399388335418
ck_399b0d510be98bd2,0.016955156761967995
ck_ca4465f2b5c1a52e,0.9804255752412894
ck_2a59f23fc5194699,0.04483510034001282
ck_243c18dbf150831c,0.016079235752830687
ck_88d9244a9cf7a77e,0.38263094593432345
ck_1ba28fb7ef726ce2,0.014958216368667005
ck_786f079389126e44,0.028211525491071022
ck_4f01f7eac0efaba5,0.00936263174174377
ck_47d29c01b20cf69f,0.07675047552350299
ck_07a5610ed28162fb,0.019304490295447597
ck_57b8226610b48854,0.1862102332008943
ck_c6fff412f531db0f,0.009250505090162103
ck_bac6dadf428eaea9,0.02268006468864814
ck_e37196b20968b73c,0.038533217204322054
ck_12631b78f8a03df2,0.015338048729998882
ck_2c6b174b063ec637,0.0082078127135964
ck_af559f990c640e41,0.007045858621174321
ck_e7a3881c3e36bd51,0.03768410971665606
ck_5839f5cbd8165b1e,0.03590870275076199
ck_67858bc00e81490d,0.018962085289303748
ck_4737e0d56c6fa0a1,0.017066861043380715
ck_93e0d6befb67f7a1,0.027866036917476716
ck_2e315f1b1e533dab,0.047721159518445175
ck_af32a0660090dd68,0.022731340430016764
ck_ede2e887697ffac0,0.010481577706342114
ck_f48acb73a5d6af07,0.03663864062143294
ck_756d2c13d02b3e09,0.011158627684361017
ck_96fb9bf556842bbc,0.012823340865128471
ck_916784595f028226,0.12185499546710517
ck_20c99b645f462449,0.004398506751745118
ck_9863bff41d24ce9b,0.03151303530269692
ck_5009a6c8bbaf15ba,0.3315805023576658
ck_a821980ac4db9943,0.19684840304050238
ck_e6de67c0d82a7b83,0.008727274636918957
ck_752dd3d2487f78ea,0.01284898072399464
ck_9652283c9f61fcec,0.003696660227944014
ck_ff8059ae5fa5f1ee,0.004547213905067243
ck_fc4a43f8876bf10f,0.03391837470602525
ck_a9aa5c344c315532,0.012975565603978428
ck_8e2b2251ee224aa4,0.02108075367170333
ck_3a47e3f54475e854,0.007301207944739606
ck_51bd5f69b4fe0b92,0.49931104365906437
ck_d52432ed597f3cc9,0.018303588808653563
ck_04fb61e5739642f8,0.07564377461531813
ck_fc3d95030b81f416,0.004180593027131036
ck_1906f0dfaf6e9bad,0.4804597912662443
ck_66cfc1ebc9a513c8,0.007368143052910734
ck_1411a80a157ff39c,0.01801324588833141
ck_9b436162039a77d0,0.07591552211204448
ck_b9485218cef413f0,0.055224112665361653
ck_b62f5144db15ad34,0.0748945663284345
ck_5dcd443fe0bbdeac,0.020706578279426305
ck_b7dd681eb3d2ee38,0.02057359969232946
ck_bd21164bd2bbb635,0.025241849812398416
ck_e6222925762273b8,0.033425649255932784
ck_bfecad7586f65e4d,0.022066656591112038
ck_aa9953c0ca2bed7b,0.009144080139084897
ck_bea56db7f3e930e8,0.018071683690037237
ck_e40a156511345d6a,0.013892892403781281
ck_03f6664a96de7d0f,0.016941503185921858
ck_1a319e509f1efa1a,0.011845188765125947
ck_7a52674e2806d8f5,0.04197973969780654
ck_ec4dd3675a8d28cc,0.013949722430437284
ck_dce1fb3acd65562f,0.011637389936282178
ck_abb9d65ff1f95b64,0.026400293167966438
ck_aaa9861c91bd14dd,0.010812689276196325
ck_2cbc2f93a32eede8,0.025766488876728052
ck_f2d3e3d90608596d,0.275345795179604
ck_127273af97d7827d,0.016217189886876107
ck_a6def1e4b2d57e0d,0.033694129050368574
ck_96247fee0eb44420,0.014296868161388514
ck_5517b9a865960542,0.02291918854334581
ck_37176850ed68831e,0.00983584295249612
ck_ae416325fef92c9d,0.8290211534507318
ck_f285e5e1912a7c62,0.009472121020850132
ck_368b65fca69fc415,0.028609553818703424
ck_9a36916b60178ded,0.7828209068595338
ck_4a0eae220a762ac5,0.017937508014496055
ck_e9b0bca7368555ef,0.01877475936854541
ck_da1c853b0a061e83,0.036119953638361776
ck_58412a2674fea506,0.05098668161867389
ck_9ab42875a0f95b43,0.100218377930971
ck_affa5aa0bff9bb0c,0.031392647229685634
ck_d27a73596b6500c2,0.028150049696801117
ck_2d963f9b2c4d11e1,0.022681840232016345
ck_dc16f939c2f44ad8,0.030668313247755506
ck_97c38e7f61c27e47,0.014812468915095859
ck_861d8e3d88f1079e,0.06255803334409811
ck_819988d8a7f26415,0.00663121470478865
ck_5e021f2a3b66e256,0.030379346022772036
ck_0428728df24cdab4,0.011974160954667317
ck_780738e0d71e7e43,0.051695149796221425
ck_5fed957287ebca03,0.009339334429397262
ck_bc19c383560c7477,0.012514624545456666
ck_b1befe967f7a5ebf,0.06002290002962398
ck_73a54b56a2bf35fe,0.44489005785863156
ck_60bf8a2870956fb1,0.011691964410919232
ck_6a0ccd7357979f0f,0.0337033478601837
ck_6b255bf68709109a,0.04879755381701214
ck_2cb3c99845e572da,0.010157335736480474
ck_c9e1e3229baae708,0.00826572598981844
ck_1a4bb7d3d2ee3227,0.037235686655360846
ck_c7e07ebfb0bc15f6,0.040021951986237043
ck_4bb90a61c21a303b,0.011638379467437536
ck_3ade9eac7d7b0dbf,0.04039905739878761
ck_8171ef803f5ff604,0.028724535742728017
ck_4859a58629622915,0.07279198808179464
ck_20124c3a16c53ce4,0.016107206668972533
ck_dd3feb77d7d4f6d3,0.006706879918798393
ck_ed0c4a83701ca230,0.04007430002900587
ck_982ebb24174a4ade,0.009494102701072113
ck_deb3ac0606d6f6db,0.010214574723713786
ck_e666629e5a41b39b,0.014280152062601558
ck_1a9d6190c57ea7e2,0.5766942440654288
ck_527550dd15f38782,0.059403546010709275
ck_480347ad92037105,0.009459950492767391
ck_00b9818e2064405e,0.08424906968045277
ck_b53281da70defcfa,0.04035172523389909
ck_3f090fc96c24eb28,0.009548087762473423
ck_3d9afd862b3f4053,0.37161274490375634
ck_9bf3ce30b65f75c7,0.06683473814176197
ck_2d5a6b6636a2596b,0.024478729922805094
ck_9a4967cdf49265cd,0.21771481141312513
ck_69691226c68fd50b,0.38516780182012617
ck_1b1efbd9c0964c8d,0.02489003303947492
ck_78bc3f1d0f35ea6c,0.005178899169135869
ck_d288b77d1e227970,0.03335080276767573
ck_017208fcc01b5d40,0.010598981753564619
ck_8b3b874249adece9,0.040782944472421936
ck_49ab879b5aa7fccd,0.07369364920393888
ck_b3ce8f1bcedfa043,0.01996237154178008
ck_7e3923d278a5106e,0.016090956325637003
ck_e05e91cc180063d4,0.09469952436031773
ck_ba666a425930615a,0.01221999241867236
ck_a8382d8345f21e1e,0.009221661509390543
ck_3dee83fa2d109484,0.014192049235923144
ck_2d177b2f4f0b40c9,0.0933494512865321
ck_40140bef4db73741,0.0029594136208038724
ck_22c862a496008c96,0.9958839554837885
ck_aa42976a31cb7770,0.006797328737598725
ck_782b0be796164335,0.021010676936949198
ck_5f864d72d1eead99,0.07692332954752694
ck_0ada6fed1864e7c4,0.024331939912045693
ck_7878545739af0a73,0.007567295744111973
ck_ab973888c20c9120,0.11412972956865967
ck_1ae460f331e49ae2,0.023397189514579843
ck_509c22828d467ba3,0.039021782778295405
ck_24dae044dc05f849,0.02255005103546844
ck_2b8f33e22f939372,0.337459309397104
ck_6a01c375fc26705a,0.04271958508289143
ck_ae96d35465b3b4bd,0.016359215495590374
ck_512ebe97c0af94dd,0.5213585086218879
ck_5af9934a56801ac0,0.007839213229995156
ck_fc7445ec76389a58,0.13391629157374169
ck_b8266dcd90cbfa62,0.007595018156526476
ck_884b2e463ff1d54f,0.054720128459507224
ck_95aff1fe27fb24bb,0.02583940691369682
ck_7bc752ae7cf5d55f,0.024570220693993065
ck_57b3fee69bdf85e8,0.023434531743620764
ck_ef0d702d7b0ed745,0.013028767390566498
ck_212380e0371d8a6d,0.008148761476912424
ck_2b90b76cf4d162f9,0.012246577418483336
ck_87771861e0447210,0.17848309711210794
ck_21fe7bc59dcd78fb,0.01186630290082883
ck_fc0cc4b25e6a8194,0.01166775105233032
ck_e7a530e09d113dd7,0.10993736432750101
ck_3f94a34f5038f7c1,0.12173369028381519
ck_124565a11b2f8bb8,0.052068603579549635
ck_38ba4a6b6a292054,0.034158124271232285
ck_6a4981bc721df37a,0.014445782946084848
ck_4672167d7c989bbf,0.031076408364321267
ck_817926b449754917,0.027218309827156912
ck_54c2604c9ca6256b,0.025023119964728297
ck_0302f67d75973dce,0.015360457131648929
ck_9a6a1f8102febfca,0.03022356539676197
ck_7f1c20319eb60aa6,0.996314939830029
ck_a86cd653472eccbc,0.03448230473291403
ck_02028b72f26fe855,0.01695942215751891
ck_4108b4038f762817,0.0458976144720998
ck_63356762d24aab81,0.02478735699880367
ck_5e3bc76eddbdb0a6,0.022863261489253536
ck_7f3685aa2933b251,0.07674217710052794
ck_3b92a46daf8d00d2,0.01845524642353522
ck_f1d8a2695a575e56,0.021290549832698645
ck_0324a4812ec319c6,0.02330327462172486
ck_5c36c78b7a4d138c,0.018168883171921092
ck_9b6282e3bad50710,0.015388188543687122
ck_7373d7b04c7799bd,0.035564698597985105
ck_0b0e79d33e50cba5,0.0305382434949342
ck_f3c16d8f747db046,0.029793900449908286
ck_839ce35819bfa4fc,0.010556896490373467
ck_275386782b1606f8,0.006858081945605925
ck_4e9fba1ec54c3ff8,0.02532010644729489
ck_4b041217690fca2f,0.03771092314005334
ck_a59e90219939a1f0,0.009815587277533205
ck_a9c2cdc758df8510,0.02985567097197909
ck_720cd658d11ea428,0.043323960660189655
ck_fdeaa1cd085691f0,0.020536071955785686
ck_2bb1389e5e72c8f4,0.0226163989489033
ck_5de33a7a87e9aa62,0.054459383920638
ck_f7a07283345a0dce,0.11517403884558346
ck_c375e929becde422,0.01851096005235985
ck_c84ef83489badbfd,0.026947175229070027
ck_cc3318839c4b0745,0.0051290954666437715
ck_279a1d3a3836e5cc,0.028006627350745116
ck_7977135c2ff61e92,0.012079351354893306
ck_6a1ff9d69466181c,0.9954513414852247
ck_e1ff9e31becc27ae,0.09097776343713587
ck_a13fee8cd925d0dc,0.013121650527827615
ck_b170a7db522a0d6f,0.04718202034332023
ck_8d38747058d0aeea,0.1245157166122869
ck_18116d0ac08f1996,0.9292829461050478
ck_2210f7a0d13bdbef,0.1834403667359719
ck_1af547077ba2dd03,0.17674369832243475
ck_516163fcf04d5e77,0.012713323368650198
ck_8b39d8aacfdd72b4,0.13446942365334907
ck_d39b0152116203be,0.024041197932021294
ck_ed33f8a937f9c7c8,0.027766625859162126
ck_ea1e5b5128ecba2c,0.036056919200574036
ck_8247f008a14bd1a2,0.01988468920324925
ck_3d6046a533057795,0.029187026617953866
ck_0bf2e13b9f2601ac,0.021889971144917853
ck_f4de03f44e3a5bd5,0.03938553427266419
ck_3ba3fa5387bacee8,0.007925319974963653
ck_8f604fa70fc3c8e3,0.038669657325922376
ck_64f3bb17101b7c42,0.012201513477227949
ck_a4e6fc391b674335,0.13268025184970095
ck_79b6a86830156b5a,0.03274987438536943
ck_d74123617f22a21e,0.07490912157455967
ck_9dbe184e81c1ca8d,0.05850326541987337
ck_de2924955926d046,0.01976657912336044
ck_e556c4d36aadbe03,0.01323502106618681
ck_e37cee7b123692af,0.02311805533715741
ck_c50fed2a7c9198c0,0.018716080298911128
ck_5647030283171ed5,0.4890021434650375
ck_d4972a775aadbbc8,0.016420746269449876
ck_ce5ed372b1a2ed6b,0.02207541764156835
ck_3eb6146c262e0fc3,0.018201685152724925
ck_53816231f3ffb48d,0.02202219863937461
ck_afb23858a4ef42ed,0.9761946549498476
ck_3882423b449f6291,0.5852120886854446
ck_79b235d51718435d,0.041108938325158495
ck_298278a9da874437,0.05348002410610084
ck_32f632706608859e,0.03875832611506939
ck_3638bc3388dbc1bc,0.07249373364820025
ck_ac7cdb9b8da7b5dd,0.019857944593642037
ck_7d025dea5951cba7,0.019267056017740335
ck_f06d00a4f9c87d80,0.02470109472798322
ck_d9c2622cb6df380b,0.01825873809419233
ck_d4ec44760cbe03f4,0.02045523808318668
ck_c1d05ef0ec6e4be7,0.0083594311766383
ck_5abe57dfff4b735c,0.0878893159233784
ck_53cddfba570b4a3b,0.01486044276637068
ck_7c500e219af39486,0.05011853849036523
ck_3bece63711407e25,0.04896669117070287
ck_8ff1e6028e764472,0.9656632690594253
ck_8c346eeefa9ce692,0.026252604937864625
ck_d840db8cfe2ef6f1,0.0041486417653730494
ck_cc6d33890d47a6cf,0.024596294396815637
ck_2ab28149b0986642,0.05538121138168867
ck_4ad5937bef176d89,0.016774041306632126
ck_645f15bbbcff3b4f,0.9909850199020601
ck_aba32acb61c1aaca,0.045901872713970164
ck_26de14b96bdad4f6,0.010360482024142094
ck_ab80466ef615e85c,0.022998898408480715
ck_ba93cb604f792915,0.03658904777823346
ck_3830c58d841e9e69,0.7875014319003912
ck_1d5d74169cf892ef,0.018563934769689084
ck_eb2323215ff70362,0.028448185548327374
ck_6775e387dace7525,0.023818447895308067
ck_0ea30eff5f361cba,0.055391339635158104
ck_cc5a35175d381d5a,0.03445404401256683
ck_e14681aad43e1a72,0.01932783688577574
ck_3222ea25aa29bfa6,0.036813270790353306
ck_f6c42001b84a10cb,0.04198566574715665
ck_3753cc5b9d02e2fd,0.011236235810918718
ck_eaf6f7082c3db2bf,0.04492821985535538
ck_a9ffd6b3957bd41e,0.015063817883989878
ck_558a82590f65df69,0.009932030893034816
ck_7ec423cb56257516,0.010893086889791797
ck_b3867f7f494db64c,0.034279632869328176
ck_3c9a06eb07c300e4,0.009807725824832598
ck_d960af7a55b892b1,0.015146637430438249
ck_3d83e0a3c1cfbf8b,0.011141783092036242
ck_34ed59bc2c9b0186,0.01256988578030497
ck_4136b00924695ab4,0.00286961992290224
ck_c802cf8f61466027,0.021565332781262447
ck_de436e7b319be1fa,0.9942612338076464
ck_91081be0254878a5,0.08231607463836697
ck_ec2eee6a133e9a6f,0.06193974382464751
ck_81429c4910ca46cd,0.008471830521866787
ck_80ad4396e1084c68,0.053685311793606506
ck_11667f5b9fac7bc7,0.010306696186682172
ck_7367917891a63771,0.025679511793940405
ck_f908b527c4db422d,0.05371157290108322
ck_2329cc9702cdf7a0,0.026255204761878693
ck_6573c4947cc8607e,0.07454495696260412
ck_ebcb93a2990fc914,0.07689422965088168
ck_7a1782cefe26a456,0.045371115044180316
ck_ee3e7c9d3a9c74b4,0.025780408216609707
ck_720776a46e56dfa8,0.017135559087279182
ck_bc8f31f4a2ffa1ae,0.024925369906555066
ck_0cd8802264e0a1ef,0.007042213592051353
ck_c0d2c56f9c722e99,0.9640632714621088
ck_8c949bdc6e8720fa,0.09792985687077482
ck_0ada63008be5685a,0.03446075726922265
ck_a3f821bdf408c326,0.014544425725016718
ck_de13de941bebc7cf,0.014891158098823508
ck_fc8cd8a8209e802d,0.026214124271727108
ck_181f3dae03b87136,0.05420601999225209
ck_ecaa6f13304e3dc5,0.016944315999058747
ck_e06f6fed020ae014,0.015814113191800424
ck_2c041b1efb1c5063,0.015562506338727971
ck_8abd1a50a9227463,0.02672596245307635
ck_8ef1d05cc1e53e7e,0.019243230931561606
ck_4637e54a9f79e2e7,0.04349104909716485
ck_e8bc49e6494c1f37,0.027205118111401298
ck_11f9390a11ce9ff5,0.023822180489676482
ck_15b4840922195ffd,0.08870282251287512
ck_6bcfa37c717f19f1,0.029111849002916135
ck_efb24be983342f75,0.010717660754695298
ck_5b137d74bba6b1b4,0.014269323873940717
ck_295c0072eca7f7a2,0.008957140959123651
ck_4af7b97c24d89a45,0.04027933778958109
ck_fa0ecbcf9a33d6ce,0.012069761541450879
ck_da84a0dfe947fd3c,0.033242575953452334
ck_3e3c64b3b7876ce6,0.025231299295237066
ck_da2729307af06ed5,0.028485888290170562
ck_74d0e7c2c6b63d36,0.8945950078240162
ck_c478aae3031bb328,0.07586493207328084
ck_cf301f2194975866,0.00835440939329724
ck_086d29ccae565e5d,0.018285417889377837
ck_34a33ffe8339f66d,0.921074342509621
ck_e57c79eaab35ded7,0.04678655071887731
ck_4940e78cbdcfecf3,0.011361975981842985
ck_578f67e69e5d2cfd,0.04649968423889714
ck_c767fc454fa215d0,0.02650294096657377
ck_5d644224135d7c65,0.017798781589605007
ck_e78ab4ff52b5fd2d,0.019036398433827408
ck_51efdd240e34c642,0.03473252173165963
ck_c39c6a1453e2b92c,0.014071887583367847
ck_b080ff636932d1f1,0.00932564176747192
ck_5c8390017fabfaef,0.041294781771386554
ck_61176dafb33b2d8a,0.28073644171035256
ck_fc6fed6ea96a004a,0.009731804193456655
ck_3e2516a3e35067e0,0.013590511518573612
ck_17a95bba77217d85,0.03351806562427916
ck_1ffbce3a239bb264,0.05243499146957901
ck_7f960541e5174565,0.0183251681785419
ck_9b1c3742dd6fcb8b,0.01863330001875443
ck_d5458ba39ae94498,0.01658387863489689
ck_0a921a73a90c2e39,0.03705477207063705
ck_293581d879f6663b,0.5981608885442634
ck_03e904682dc73bba,0.01612240671079871
ck_4f490e379e9ded9a,0.017869936648065493
ck_9b9ce7bebc235fe8,0.02522972180821962
ck_a4a42d4bff8af645,0.04181956313313089
ck_b046067c6ca3831e,0.03247705826047369
ck_bc7ece8787ca7200,0.029994907363188508
ck_2c5bc11bb7ae5d2c,0.5706703463485349
ck_b74b9ba6d7c9aab7,0.09787136939841092
ck_91d48d69e4f5d9c2,0.011414894588948878
ck_1a71f8081ae00190,0.48263271450497885
ck_38ba64efa7c38250,0.02871109354660856
ck_1a6ddfeef82b1b1a,0.018267754764176355
ck_c4402ea6291df271,0.019977748467461975
ck_478d2667aa9896d9,0.05132716458500959
ck_c9490cb61aff5112,0.011504059728234315
ck_88f27ab479063852,0.015706232016009358
ck_b7793edca26fc512,0.026090604047396517
ck_f88028c3f306bc70,0.02384104286254807
ck_e8a6acea22b20312,0.17414596846726324
ck_c8b7f241810b45e5,0.020881984683896616
ck_2408db62e4395ccd,0.021919911958349504
ck_bcdbf57d98dc0d27,0.049629137818142134
ck_b3225a98acd04f83,0.011799470699820508
ck_35694db37f0cde7a,0.009665189423446243
ck_87d55ca333f22072,0.011048819944332915
ck_ccc917533d4b73d4,0.012284619061633358
ck_0c5ba86f4e05b38d,0.011859552038673853
ck_8740a14d8096c6e1,0.022529172406985296
ck_17ab24fe914ae44b,0.01353338699594194
ck_3b963d6be2773861,0.09499369725318184
ck_c183dff3781746cb,0.05143734595371867
ck_7336611650dcc088,0.01242658263351727
ck_c817259019588d30,0.028779223825474674
ck_d39864119cdd460f,0.03511177509510618
ck_463ae759e2b6ad1d,0.011378300023864425
ck_e560f720a988d8a2,0.11457315825824296
ck_72dd0dbdf808cb00,0.06859962588180557
ck_32bb42f9bff197f8,0.01232080891706965
ck_70bef9ddd4bab005,0.0073876928164516775
ck_4b15b0746318cf42,0.10594053378669378
ck_39a68c55a1bd3ace,0.17784874342518034
ck_4c76efcc1ee6762d,0.02860174728975501
ck_79f5198f0decef20,0.02743827633596239
ck_f655399ac75c4450,0.038317242577442547
ck_24b53090faf722cf,0.01541115029209828
ck_11cb98211b2ed134,0.6089491949017121
ck_3534be0f4efd313c,0.011901863100902368
ck_28d2003c2d16e4b6,0.018182914563468103
ck_d3796aebda1cfed5,0.6768451957984262
ck_a3a0bd59729fe619,0.007404673591169764
ck_8ddaf745bbb9cd62,0.0065612496395625435
ck_fa24db9d416ab904,0.011024744015646832
ck_493b6256091014cd,0.05047102810998839
ck_57a6b56b09bff24e,0.014170739176135039
ck_a2245822cfea997d,0.014532701923974755
ck_92f6ebc11ebca89b,0.02316146195458884
ck_fbf630c960194033,0.021928562692791337
ck_1c17c65804f8889e,0.01806315679761654
ck_00ff7389d6a83e29,0.09814079478444757
ck_bdd8eba728800e29,0.05524784975848268
ck_0525349f3945375b,0.018464127785172865
ck_d1b0699d26282871,0.025847273926442538
ck_a678731156ad7bd2,0.08342566778860615
ck_011551a596544f5d,0.025890217662375193
ck_0bfe62e0c7eab9c9,0.008579274247311895
ck_e5ee006ecd8ff661,0.04792208269213813
ck_e2374c7136c964fd,0.042310560625414544
ck_af528d66c86f0cb8,0.010835849454368395
ck_5448c946cc4758fe,0.04015809541309214
ck_37d3e5c681a2214d,0.13584572558478122
ck_fca478361870a4ca,0.08265766138830288
ck_fb44d15fb93a7157,0.014167532811699591
ck_0e8f26536ccc8947,0.022106296399652108
ck_6768c4b2aa8ce586,0.010596179878867388
ck_6a548da1728b5823,0.9792334089295776
ck_0e7bf10ef49aa818,0.12367948438794021
ck_f2c824d3473db24c,0.007261566425567537
ck_d9ffca35188e49d8,0.012186291188933805
ck_3db73bbe03c3d240,0.005798520650658427
ck_899f88464305824a,0.023525177403856762
ck_148c28df51bba5e9,0.8613074354288835
ck_7955a359b6448799,0.010491572750296274
ck_8c748aaa4a4554f9,0.01421533979659147
ck_fba15647b3a140d9,0.00923603245971103
ck_c2fc0ac460786d02,0.040711923358884745
ck_e42206e91f6a1752,0.006322545556614562
ck_8c136dc691e65695,0.012210996101491293
ck_8c0955dad13c3ca1,0.028410639496856537
ck_6d4cd2de601a2308,0.02627583163282484
ck_76ea90ebc74bcdc7,0.01916761476086475
ck_734f06bd4aa92781,0.02338078765480835
ck_41af3729590c2484,0.022695028497691356
ck_e63256667aa19070,0.04310259492267874
ck_1b2ce474fa6582b4,0.05549183950675672
ck_c8131ddc7ed33448,0.012697418027379719
ck_33ecff7914349ebc,0.015014893540569854
ck_36287d063350ce9d,0.04648734131670906
ck_956dd784525f5886,0.029596160843541254
ck_ba7b78d31d74c794,0.0566569802813139
ck_5bea0e0ee0b094cd,0.03852670045691481
ck_d6a4faadab58a3de,0.004604843863492359
ck_bdb966f43ac350ee,0.054423551906696725
ck_3fa559c679751b3a,0.014022281531664375
ck_7ef019ed77276496,0.03363515797454376
ck_0e6046fc30f81705,0.014875895679220569
ck_53aca610e20598bc,0.02243407680836405
ck_5275be4e1577c1c7,0.02037554134904014
ck_43948784650bb9ac,0.01680784841985551
ck_5c87eea1cc07cc92,0.014200140870300786
ck_5f445182829ef342,0.019452449326153715
ck_cc81dbc83a8879fd,0.031112296015202108
ck_68ef3e7301c621b7,0.03760040480351204
ck_e988c108754cee9c,0.004526699242186588
ck_3327a0582407068b,0.02611723189138305
ck_e1d563fab4d6116a,0.19401312020177694
ck_588f6e6a6a6d93e8,0.012961453161023505
ck_723b4afc388113c8,0.02676965294641581
ck_240f7f894c5a86e7,0.02003031090531723
ck_ab553954435e8854,0.2083194485049484
ck_78cd402a2a4f2e35,0.016752615089699645
ck_09054e97bdf9624e,0.02099617570539102
ck_303b33910d67f306,0.021552376155967418
ck_74e9747954a46eaa,0.048618305083333986
ck_b56c62c950eda009,0.019957237949770886
ck_58f757e40a9b8877,0.24012586159862576
ck_45a16ce12893cf9b,0.018712554089365844
ck_3272c2c4a37d5220,0.7517894349874704
ck_9cb89cc3178e0172,0.01528491680515371
ck_c5d62b2b7a6f3bac,0.9134567604991546
ck_0dd417fcbf19e424,0.02398770774082968
ck_5379452a9d74efae,0.012827171547134274
ck_344a95cb7115ec67,0.017884412254776987
ck_6f9fd15ac6b163de,0.018900567434273388
ck_173e1198c341087b,0.011139439368409412
ck_9994323f97109f4b,0.9697600059111815
ck_05f375fc8ae0afb0,0.013195930157778991
ck_d328db1e1052d820,0.020244679259320268
ck_70396398e4a96449,0.023740045066228045
ck_61b067de8ffc1ca1,0.022668771919200855
ck_87809324c2675b0a,0.021903756342862866
ck_27cdf9c5e6f0915b,0.031223751794792864
ck_5b8fc4a76f340797,0.030216259491337594
ck_a44462a3853ac67e,0.9759473044827024
ck_466a7316eaf149b1,0.021221069597686455
ck_d35c51e981b98c5c,0.013663999363664983
ck_99c0004d8b7079f8,0.012872944096214598
ck_8a8f81bf3558fd9c,0.05302184073469311
ck_b4dcebc543deaafb,0.04385838424180557
ck_7158ad9e58769ffa,0.08518146268094977
ck_3c02d4dbbf6716b6,0.008715770538577406
ck_41ef7967faf5ce82,0.002617506042072702
ck_a7c1dabf3869772f,0.05018670478794631
ck_77d9f86dcf251739,0.01041808212668592
ck_02903c48b6cfd65d,0.05195339046532531
ck_b45e47c39d4dc7bf,0.01299318212691073
ck_e55e5bdfc0242aef,0.04351616649579078
ck_ae20e28f9854f3ee,0.0431222578836242
ck_9e65a8a2f587691a,0.013949083375562414
ck_dceabbe04d99afc2,0.010820102133433039
ck_837be8126bb19250,0.027265022590810404
ck_c05737ab74cf03c6,0.029834384132605182
ck_2cdf5fd97ba75e06,0.0683800789916311
ck_97b8e05d62abdc14,0.02237909846016628
ck_7df9910af2bba21b,0.00373200842875066
ck_850e2b59bc535490,0.03162887423287152
ck_978c21bb5fe3171e,0.0171949073283849
ck_d654449f9231ad76,0.01006875006085154
ck_e136e20c1c74fe38,0.0088146801761548
ck_2fe6cac002142f67,0.035167221061804
ck_8432ccec1a4ec7fd,0.9929966590147233
ck_95e4bef65c36af1a,0.006689628316969831
ck_a725d7aed2a0bdc2,0.0138801104995746
ck_9b9d9e579e7b55b2,0.036651962415299964
ck_ea4332c8fe48e2a3,0.009931897518587874
ck_9937dad93a0ed3c1,0.0914185000661018
ck_3dc4d464386f0eb2,0.2907016157107021
ck_e0e90b196bef3c11,0.015041015523123525
ck_2139062d4569aa07,0.06573953738800492
ck_8de38f8c7f91961f,0.030502241720224366
ck_bdbb4230c91e1604,0.15503577278360847
ck_f7305b3c64cf8a03,0.02296322886172627
ck_454a7e4d859a3409,0.01206460792338065
ck_00d6730134a1eb51,0.05608109533595687
ck_dd89a282375bbab6,0.05259922839680882
ck_be2251640f27a3c9,0.08374320889626127
